Date,Low,Median,High,Symbol
1/10/2025,379.58,383.85,388.11,NICA
1/11/2025,379.16,383.85,388.54,NICA
1/12/2025,366.79,379.58,392.8,NICA
1/13/2025,366.79,385.98,396.64,NICA
1/14/2025,362.1,383.85,396.64,NICA
1/15/2025,361.24,381.72,396.64,NICA
1/16/2025,353.57,379.58,401.76,NICA
1/17/2025,348.88,379.58,400.91,NICA
1/18/2025,349.3,381.72,397.07,NICA
1/19/2025,349.73,381.72,401.33,NICA
1/20/2025,353.57,381.72,409.44,NICA
1/21/2025,349.3,381.72,414.13,NICA
1/22/2025,348.88,383.85,414.98,NICA
1/23/2025,349.3,381.72,413.7,NICA
1/24/2025,349.73,381.72,413.7,NICA
1/25/2025,348.88,379.58,409.86,NICA
1/26/2025,344.61,381.72,410.72,NICA
1/27/2025,344.61,381.72,411.14,NICA
1/28/2025,340.77,385.98,422.66,NICA
1/29/2025,336.93,383.85,427.35,NICA
1/30/2025,340.35,383.85,419.25,NICA
1/31/2025,347.17,383.85,415.84,NICA
2/1/2025,342.9,383.85,422.66,NICA
2/2/2025,338.64,381.72,426.5,NICA
2/3/2025,345.46,379.58,423.09,NICA
2/4/2025,341.62,377.45,417.97,NICA
2/5/2025,341.2,377.45,415.84,NICA
2/6/2025,345.04,377.45,422.66,NICA
2/7/2025,340.77,379.58,435.03,NICA
2/8/2025,340.77,381.72,421.81,NICA
2/9/2025,340.35,385.98,417.54,NICA
2/10/2025,336.51,381.72,417.54,NICA
2/11/2025,336.93,383.85,424.79,NICA
2/12/2025,325.42,383.85,424.79,NICA
2/13/2025,329.26,381.72,428.63,NICA
2/14/2025,332.67,379.58,432.47,NICA
2/15/2025,332.67,379.58,436.31,NICA
2/16/2025,328.83,377.45,439.72,NICA
2/17/2025,328.83,381.72,448.25,NICA
2/18/2025,328.4,379.58,444.84,NICA
2/19/2025,328.4,379.58,441,NICA
1/10/2025,586.11,594.13,598.55,EBL
1/11/2025,586.11,594.13,602.16,EBL
1/12/2025,586.11,594.13,602.16,EBL
1/13/2025,585.7,594.13,598.15,EBL
1/14/2025,577.68,594.13,606.18,EBL
1/15/2025,584.9,594.13,610.19,EBL
1/16/2025,571.65,594.13,610.59,EBL
1/17/2025,568.84,594.13,610.19,EBL
1/18/2025,567.64,592.13,610.59,EBL
1/19/2025,560.41,594.13,610.59,EBL
1/20/2025,552.38,594.13,614.61,EBL
1/21/2025,551.98,592.13,623.44,EBL
1/22/2025,551.98,592.13,633.88,EBL
1/23/2025,556.4,594.13,636.69,EBL
1/24/2025,549.17,594.13,661.98,EBL
1/25/2025,549.57,592.13,660.77,EBL
1/26/2025,564.83,594.13,653.15,EBL
1/27/2025,568.84,594.13,655.96,EBL
1/28/2025,568.44,590.12,657.16,EBL
1/29/2025,557.2,590.12,660.77,EBL
1/30/2025,553.59,590.12,675.23,EBL
1/31/2025,556.4,586.11,664.39,EBL
2/1/2025,552.79,586.11,670.41,EBL
2/2/2025,555.19,590.12,662.78,EBL
2/3/2025,547.97,588.11,662.78,EBL
2/4/2025,547.57,598.15,662.78,EBL
2/5/2025,554.39,594.13,662.38,EBL
2/6/2025,551.58,586.11,658.77,EBL
2/7/2025,547.97,596.14,662.38,EBL
2/8/2025,547.97,584.1,658.37,EBL
2/9/2025,545.56,586.11,654.75,EBL
2/10/2025,544.76,584.1,651.54,EBL
2/11/2025,549.17,584.1,659.17,EBL
2/12/2025,544.76,576.07,656.36,EBL
2/13/2025,539.94,576.07,659.17,EBL
2/14/2025,540.74,580.08,663.99,EBL
2/15/2025,533.52,580.08,667.2,EBL
2/16/2025,533.12,582.09,651.94,EBL
2/17/2025,529.5,584.1,651.54,EBL
2/18/2025,529.1,588.11,666.39,EBL
2/19/2025,532.71,586.11,666.8,EBL
1/10/2025,210.5,214.65,216.31,CZBIL
1/11/2025,211.6,214.65,218.8,CZBIL
1/12/2025,207.73,214.65,218.8,CZBIL
1/13/2025,207.45,211.88,217.56,CZBIL
1/14/2025,206.06,211.88,220.47,CZBIL
1/15/2025,203.43,213.27,223.1,CZBIL
1/16/2025,200.66,213.27,223.65,CZBIL
1/17/2025,200.53,213.27,222.68,CZBIL
1/18/2025,201.77,212.57,220.88,CZBIL
1/19/2025,202.19,211.19,220.74,CZBIL
1/20/2025,200.8,211.88,221.99,CZBIL
1/21/2025,200.66,211.19,220.61,CZBIL
1/22/2025,197.76,210.5,219.5,CZBIL
1/23/2025,196.51,209.11,221.71,CZBIL
1/24/2025,200.11,211.19,224.34,CZBIL
1/25/2025,200.11,211.19,224.34,CZBIL
1/26/2025,199.28,213.27,222.13,CZBIL
1/27/2025,199.28,210.5,225.73,CZBIL
1/28/2025,198.03,209.8,224.48,CZBIL
1/29/2025,195.12,211.19,228.5,CZBIL
1/30/2025,195.26,210.5,224.9,CZBIL
1/31/2025,199,211.88,222.27,CZBIL
2/1/2025,195.26,209.8,227.39,CZBIL
2/2/2025,197.76,211.19,234.45,CZBIL
2/3/2025,196.51,210.5,237.08,CZBIL
2/4/2025,196.51,209.8,240.96,CZBIL
2/5/2025,194.85,209.8,244.7,CZBIL
2/6/2025,192.22,209.8,246.78,CZBIL
2/7/2025,189.72,209.8,246.5,CZBIL
2/8/2025,189.72,208.42,245.67,CZBIL
2/9/2025,190.97,208.42,246.78,CZBIL
2/10/2025,192.08,209.11,240.55,CZBIL
2/11/2025,192.08,207.03,242.35,CZBIL
2/12/2025,197.34,207.73,243.59,CZBIL
2/13/2025,197.34,209.11,241.1,CZBIL
2/14/2025,197.34,209.11,236.53,CZBIL
2/15/2025,197.48,210.5,236.95,CZBIL
2/16/2025,193.6,210.5,238.47,CZBIL
2/17/2025,191.11,209.8,241.1,CZBIL
2/18/2025,192.35,209.11,242.62,CZBIL
2/19/2025,195.96,209.11,245.12,CZBIL
1/10/2025,246.3,251.23,252.98,PCBL
1/11/2025,243.28,249.64,252.98,PCBL
1/12/2025,244.71,249.64,254.41,PCBL
1/13/2025,239.79,248.85,254.41,PCBL
1/14/2025,236.92,248.85,257.59,PCBL
1/15/2025,233.27,248.05,259.18,PCBL
1/16/2025,231.52,247.26,254.57,PCBL
1/17/2025,229.93,245.67,253.14,PCBL
1/18/2025,225.32,244.87,252.82,PCBL
1/19/2025,223.88,243.28,254.41,PCBL
1/20/2025,223.88,245.67,254.41,PCBL
1/21/2025,223.73,242.49,252.98,PCBL
1/22/2025,223.73,243.28,252.82,PCBL
1/23/2025,221.98,242.49,252.98,PCBL
1/24/2025,217.37,240.1,251.23,PCBL
1/25/2025,217.21,240.1,252.82,PCBL
1/26/2025,217.68,240.9,252.82,PCBL
1/27/2025,219.27,240.9,251.55,PCBL
1/28/2025,220.55,241.69,254.57,PCBL
1/29/2025,217.68,242.49,254.41,PCBL
1/30/2025,214.5,240.1,254.57,PCBL
1/31/2025,211.16,239.31,254.73,PCBL
2/1/2025,212.91,240.1,254.73,PCBL
2/2/2025,215.93,239.31,253.62,PCBL
2/3/2025,214.66,238.51,253.78,PCBL
2/4/2025,217.84,238.51,255.05,PCBL
2/5/2025,219.27,238.51,255.37,PCBL
2/6/2025,219.43,236.92,256.8,PCBL
2/7/2025,219.43,239.31,259.5,PCBL
2/8/2025,217.84,238.51,259.5,PCBL
2/9/2025,222.14,240.1,261.89,PCBL
2/10/2025,218.8,240.9,263.8,PCBL
2/11/2025,212.6,239.31,263.48,PCBL
2/12/2025,209.89,241.69,265.86,PCBL
2/13/2025,211.16,241.69,265.86,PCBL
2/14/2025,214.19,243.28,263.16,PCBL
2/15/2025,221.18,243.28,260.93,PCBL
2/16/2025,221.66,240.9,260.93,PCBL
2/17/2025,220.07,236.92,262.36,PCBL
2/18/2025,217.21,236.13,261.41,PCBL
2/19/2025,217.21,238.51,262.52,PCBL
1/10/2025,219.07,222.54,225.86,GBIME
1/11/2025,215.75,220.96,228.85,GBIME
1/12/2025,212.91,220.96,226.33,GBIME
1/13/2025,208.34,220.17,226.01,GBIME
1/14/2025,209.92,220.17,227.43,GBIME
1/15/2025,208.18,220.96,229.01,GBIME
1/16/2025,206.44,220.96,230.59,GBIME
1/17/2025,205.02,217.81,228.85,GBIME
1/18/2025,204.71,218.6,229.01,GBIME
1/19/2025,201.71,220.96,229.17,GBIME
1/20/2025,201.87,220.17,231.38,GBIME
1/21/2025,201.55,218.6,232.17,GBIME
1/22/2025,198.55,219.39,230.59,GBIME
1/23/2025,195.55,223.33,230.59,GBIME
1/24/2025,194.13,220.17,231.85,GBIME
1/25/2025,195.55,217.81,230.43,GBIME
1/26/2025,195.39,216.23,232.01,GBIME
1/27/2025,198.55,215.44,239.43,GBIME
1/28/2025,198.55,214.65,248.11,GBIME
1/29/2025,198.39,215.44,257.26,GBIME
1/30/2025,198.71,214.65,263.26,GBIME
1/31/2025,197.13,214.65,263.26,GBIME
2/1/2025,194.13,215.44,265,GBIME
2/2/2025,195.55,216.23,267.37,GBIME
2/3/2025,195.55,210.7,267.37,GBIME
2/4/2025,194.13,211.49,254.9,GBIME
2/5/2025,193.97,212.28,249.06,GBIME
2/6/2025,193.97,210.7,245.74,GBIME
2/7/2025,193.97,209.92,250,GBIME
2/8/2025,193.97,209.13,247.32,GBIME
2/9/2025,193.82,212.28,253.16,GBIME
2/10/2025,193.82,212.28,254.58,GBIME
2/11/2025,193.82,213.86,255.84,GBIME
2/12/2025,193.97,215.44,260.89,GBIME
2/13/2025,194.13,215.44,263.74,GBIME
2/14/2025,193.97,211.49,262.47,GBIME
2/15/2025,195.39,210.7,263.89,GBIME
2/16/2025,195.24,214.65,264.68,GBIME
2/17/2025,196.66,216.23,267.68,GBIME
2/18/2025,193.97,217.02,264.52,GBIME
2/19/2025,193.82,215.44,264.05,GBIME
1/10/2025,235.79,239.23,243,NMB
1/11/2025,234.32,239.23,242.51,NMB
1/12/2025,234.15,240.05,244.31,NMB
1/13/2025,232.68,239.23,246.77,NMB
1/14/2025,234.15,238.41,254.63,NMB
1/15/2025,231.04,240.05,254.31,NMB
1/16/2025,227.76,238.41,257.58,NMB
1/17/2025,225.79,240.05,257.91,NMB
1/18/2025,228.58,244.15,260.7,NMB
1/19/2025,230.38,240.87,257.58,NMB
1/20/2025,230.55,240.87,256.44,NMB
1/21/2025,232.35,238.41,257.75,NMB
1/22/2025,233.99,238.41,257.58,NMB
1/23/2025,230.87,237.59,256.11,NMB
1/24/2025,230.71,239.23,253.32,NMB
1/25/2025,230.55,239.23,254.63,NMB
1/26/2025,225.96,238.41,254.31,NMB
1/27/2025,228.91,239.23,257.42,NMB
1/28/2025,226.12,239.23,258.89,NMB
1/29/2025,228.91,240.05,257.26,NMB
1/30/2025,225.96,240.87,255.78,NMB
1/31/2025,224.32,240.87,255.62,NMB
2/1/2025,225.79,240.87,258.89,NMB
2/2/2025,226.12,240.87,262.33,NMB
2/3/2025,227.6,241.69,260.7,NMB
2/4/2025,227.43,242.51,251.68,NMB
2/5/2025,225.63,241.69,254.47,NMB
2/6/2025,224.16,237.59,257.26,NMB
2/7/2025,217.77,237.59,255.78,NMB
2/8/2025,217.93,238.41,254.47,NMB
2/9/2025,220.88,238.41,259.06,NMB
2/10/2025,216.29,239.23,257.42,NMB
2/11/2025,217.77,238.41,259.06,NMB
2/12/2025,219.24,236.77,257.26,NMB
2/13/2025,222.19,237.59,258.89,NMB
2/14/2025,222.19,237.59,257.58,NMB
2/15/2025,220.72,239.23,259.22,NMB
2/16/2025,219.24,241.69,261.02,NMB
2/17/2025,217.6,244.97,262.17,NMB
2/18/2025,216.29,245.79,259.06,NMB
2/19/2025,216.29,241.69,257.58,NMB
1/10/2025,289.08,293.02,296.95,SANIMA
1/11/2025,286.92,293.02,297.54,SANIMA
1/12/2025,284.95,294,297.54,SANIMA
1/13/2025,281.02,294,301.47,SANIMA
1/14/2025,281.02,294,305.01,SANIMA
1/15/2025,278.86,294.98,304.82,SANIMA
1/16/2025,278.66,293.02,305.01,SANIMA
1/17/2025,279.25,291.05,305.01,SANIMA
1/18/2025,277.09,291.05,310.91,SANIMA
1/19/2025,279.05,291.05,311.11,SANIMA
1/20/2025,275.32,288.1,318.97,SANIMA
1/21/2025,273.35,287.12,314.84,SANIMA
1/22/2025,270.99,288.1,309.93,SANIMA
1/23/2025,270.99,287.12,311.9,SANIMA
1/24/2025,267.25,288.1,308.36,SANIMA
1/25/2025,267.06,288.1,305.8,SANIMA
1/26/2025,267.06,288.1,305.41,SANIMA
1/27/2025,269.02,289.08,302.26,SANIMA
1/28/2025,269.22,287.12,305.6,SANIMA
1/29/2025,266.86,286.13,303.83,SANIMA
1/30/2025,266.66,283.18,305.8,SANIMA
1/31/2025,265.09,281.22,307.57,SANIMA
2/1/2025,263.32,282.2,308.36,SANIMA
2/2/2025,264.7,282.2,305.21,SANIMA
2/3/2025,258.99,281.22,309.54,SANIMA
2/4/2025,257.23,282.2,314.84,SANIMA
2/5/2025,253.69,283.18,314.84,SANIMA
2/6/2025,258.8,285.15,317.01,SANIMA
2/7/2025,260.57,287.12,316.61,SANIMA
2/8/2025,255.06,287.12,312.09,SANIMA
2/9/2025,256.83,285.15,313.67,SANIMA
2/10/2025,255.46,286.13,316.61,SANIMA
2/11/2025,255.26,286.13,313.27,SANIMA
2/12/2025,253.29,285.15,311.31,SANIMA
2/13/2025,260.57,284.17,311.5,SANIMA
2/14/2025,253.49,276.3,314.84,SANIMA
2/15/2025,251.72,276.3,314.84,SANIMA
2/16/2025,249.36,275.32,315.04,SANIMA
2/17/2025,249.75,277.28,315.24,SANIMA
2/18/2025,249.56,276.3,312.88,SANIMA
2/19/2025,251.33,277.28,309.54,SANIMA
1/10/2025,422.44,429.9,440.08,SBI
1/11/2025,424.43,431.14,446.79,SBI
1/12/2025,426.91,438.59,452.26,SBI
1/13/2025,427.16,436.11,454.75,SBI
1/14/2025,424.93,429.9,458.47,SBI
1/15/2025,421.7,437.35,453.75,SBI
1/16/2025,424.68,442.32,457.98,SBI
1/17/2025,427.16,439.84,465.68,SBI
1/18/2025,431.14,443.56,477.36,SBI
1/19/2025,428.9,447.29,468.16,SBI
1/20/2025,426.17,453.5,475.87,SBI
1/21/2025,421.94,453.5,464.44,SBI
1/22/2025,418.96,453.5,478.1,SBI
1/23/2025,412.25,451.02,487.55,SBI
1/24/2025,408.53,451.02,484.32,SBI
1/25/2025,405.79,449.78,474.38,SBI
1/26/2025,400.08,446.05,487.8,SBI
1/27/2025,406.29,446.05,484.81,SBI
1/28/2025,396.6,438.59,482.08,SBI
1/29/2025,396.6,444.81,483.32,SBI
1/30/2025,392.37,436.11,483.57,SBI
1/31/2025,387.9,438.59,489.78,SBI
2/1/2025,385.66,442.32,481.09,SBI
2/2/2025,386.41,439.84,475.62,SBI
2/3/2025,384.17,437.35,480.34,SBI
2/4/2025,377.96,446.05,478.35,SBI
2/5/2025,378.21,447.29,485.81,SBI
2/6/2025,377.46,439.84,493.26,SBI
2/7/2025,374.98,439.84,495,SBI
2/8/2025,374.98,437.35,493.26,SBI
2/9/2025,372.74,433.62,498.48,SBI
2/10/2025,371.5,437.35,502.46,SBI
2/11/2025,371.5,439.84,515.13,SBI
2/12/2025,368.27,439.84,500.47,SBI
2/13/2025,363.8,441.08,497.49,SBI
2/14/2025,366.28,438.59,495.25,SBI
2/15/2025,364.29,436.11,495.25,SBI
2/16/2025,364.05,437.35,496.24,SBI
2/17/2025,357.34,436.11,497.24,SBI
2/18/2025,354.6,431.14,494.75,SBI
2/19/2025,352.37,431.14,503.2,SBI
1/10/2025,294.42,297.83,301.03,SBL
1/11/2025,294.62,296.82,302.84,SBL
1/12/2025,288.4,293.81,304.85,SBL
1/13/2025,284.39,293.81,309.06,SBL
1/14/2025,284.79,292.81,313.07,SBL
1/15/2025,284.79,291.81,312.87,SBL
1/16/2025,284.59,291.81,313.27,SBL
1/17/2025,284.59,293.81,314.07,SBL
1/18/2025,284.79,293.81,314.87,SBL
1/19/2025,284.59,292.81,315.07,SBL
1/20/2025,284.59,293.81,316.08,SBL
1/21/2025,284.39,291.81,313.87,SBL
1/22/2025,282.58,292.81,316.08,SBL
1/23/2025,284.39,292.81,322.9,SBL
1/24/2025,282.38,292.81,321.29,SBL
1/25/2025,278.77,293.81,323.1,SBL
1/26/2025,278.37,293.81,325.5,SBL
1/27/2025,276.37,295.82,329.11,SBL
1/28/2025,277.97,297.83,329.11,SBL
1/29/2025,276.17,295.82,331.32,SBL
1/30/2025,274.36,299.83,336.33,SBL
1/31/2025,273.96,299.83,336.33,SBL
2/1/2025,274.16,299.83,336.53,SBL
2/2/2025,275.97,298.83,338.34,SBL
2/3/2025,274.16,299.83,338.34,SBL
2/4/2025,270.55,302.84,349.57,SBL
2/5/2025,270.15,302.84,345.96,SBL
2/6/2025,268.14,298.83,348.97,SBL
2/7/2025,266.34,297.83,349.17,SBL
2/8/2025,262.53,295.82,351.78,SBL
2/9/2025,264.33,296.82,347.97,SBL
2/10/2025,264.33,298.83,355.19,SBL
2/11/2025,262.33,296.82,351.78,SBL
2/12/2025,260.52,297.83,340.95,SBL
2/13/2025,263.93,303.84,344.76,SBL
2/14/2025,262.13,304.85,343.15,SBL
2/15/2025,258.32,306.85,344.96,SBL
2/16/2025,265.74,306.85,342.95,SBL
2/17/2025,265.94,307.85,344.36,SBL
2/18/2025,267.94,305.85,342.35,SBL
2/19/2025,265.94,304.85,346.16,SBL
1/10/2025,261.81,263.67,265.71,NBL
1/11/2025,259.77,263.67,265.71,NBL
1/12/2025,258.1,261.81,265.53,NBL
1/13/2025,255.31,262.74,265.53,NBL
1/14/2025,252.34,263.67,267.38,NBL
1/15/2025,248.81,263.67,267.38,NBL
1/16/2025,251.97,263.67,267.38,NBL
1/17/2025,250.11,262.74,267.75,NBL
1/18/2025,252.34,262.74,267.75,NBL
1/19/2025,249.93,262.74,267.94,NBL
1/20/2025,249.74,262.74,269.8,NBL
1/21/2025,250.3,263.67,274.99,NBL
1/22/2025,250.48,262.74,273.14,NBL
1/23/2025,248.81,262.74,273.14,NBL
1/24/2025,248.81,261.81,271.47,NBL
1/25/2025,250.11,262.74,271.65,NBL
1/26/2025,250.67,261.81,271.84,NBL
1/27/2025,250.67,261.81,280.38,NBL
1/28/2025,252.34,261.81,275.18,NBL
1/29/2025,251.78,261.81,278.71,NBL
1/30/2025,253.64,262.74,277.04,NBL
1/31/2025,253.83,263.67,275.18,NBL
2/1/2025,253.64,261.81,274.81,NBL
2/2/2025,253.64,263.67,273.14,NBL
2/3/2025,253.83,262.74,273.14,NBL
2/4/2025,255.31,263.67,271.65,NBL
2/5/2025,253.64,264.6,271.47,NBL
2/6/2025,253.83,263.67,271.47,NBL
2/7/2025,252.16,264.6,271.65,NBL
2/8/2025,252.53,264.6,274.81,NBL
2/9/2025,249.93,263.67,274.81,NBL
2/10/2025,251.6,265.53,281.12,NBL
2/11/2025,253.46,263.67,275.55,NBL
2/12/2025,253.64,261.81,276.85,NBL
2/13/2025,256.06,261.81,275.18,NBL
2/14/2025,256.06,263.67,276.85,NBL
2/15/2025,256.24,263.67,277.22,NBL
2/16/2025,256.06,264.6,284.46,NBL
2/17/2025,256.06,266.45,282.42,NBL
2/18/2025,256.06,267.38,284.65,NBL
2/19/2025,256.24,267.38,282.61,NBL
1/10/2025,297.08,301.21,307.4,ADBL
1/11/2025,294.81,301.21,307.6,ADBL
1/12/2025,290.69,299.15,311.73,ADBL
1/13/2025,284.29,298.11,311.73,ADBL
1/14/2025,287.8,297.08,315.65,ADBL
1/15/2025,287.18,298.11,309.46,ADBL
1/16/2025,283.47,300.18,309.67,ADBL
1/17/2025,283.47,298.11,311.73,ADBL
1/18/2025,280.37,298.11,314,ADBL
1/19/2025,278.1,296.05,322.66,ADBL
1/20/2025,278.1,297.08,326.58,ADBL
1/21/2025,276.04,298.11,326.38,ADBL
1/22/2025,276.04,299.15,320.19,ADBL
1/23/2025,285.74,299.15,320.4,ADBL
1/24/2025,276.45,296.05,320.19,ADBL
1/25/2025,276.45,296.05,319.98,ADBL
1/26/2025,277.9,299.15,324.32,ADBL
1/27/2025,275.83,300.18,326.17,ADBL
1/28/2025,276.25,301.21,322.25,ADBL
1/29/2025,276.45,299.15,324.32,ADBL
1/30/2025,276.45,307.4,330.3,ADBL
1/31/2025,276.45,304.3,330.3,ADBL
2/1/2025,276.25,304.3,330.3,ADBL
2/2/2025,274.39,305.33,330.09,ADBL
2/3/2025,278.1,305.33,338.55,ADBL
2/4/2025,279.75,302.24,338.55,ADBL
2/5/2025,279.75,301.21,336.69,ADBL
2/6/2025,279.13,302.24,330.5,ADBL
2/7/2025,281.61,301.21,332.36,ADBL
2/8/2025,279.96,302.24,334.84,ADBL
2/9/2025,280.37,300.18,340.61,ADBL
2/10/2025,278.31,300.18,340.61,ADBL
2/11/2025,278.31,301.21,338.96,ADBL
2/12/2025,276.25,301.21,335.04,ADBL
2/13/2025,276.25,301.21,329.68,ADBL
2/14/2025,274.39,302.24,328.03,ADBL
2/15/2025,279.75,302.24,331.74,ADBL
2/16/2025,277.9,301.21,348.87,ADBL
2/17/2025,274.18,301.21,350.93,ADBL
2/18/2025,274.18,301.21,349.07,ADBL
2/19/2025,274.18,301.21,353.82,ADBL
1/10/2025,490.68,494.94,499.21,NABIL
1/11/2025,486.41,494.94,499.21,NABIL
1/12/2025,485.98,490.68,499.21,NABIL
1/13/2025,482.14,490.68,499.21,NABIL
1/14/2025,477.88,488.54,499.21,NABIL
1/15/2025,477.45,488.54,499.64,NABIL
1/16/2025,473.18,486.41,504.33,NABIL
1/17/2025,468.92,484.28,505.61,NABIL
1/18/2025,464.65,486.41,510.3,NABIL
1/19/2025,472.76,484.28,514.14,NABIL
1/20/2025,472.76,484.28,513.72,NABIL
1/21/2025,468.92,486.41,509.02,NABIL
1/22/2025,465.08,484.28,505.18,NABIL
1/23/2025,464.65,482.14,505.18,NABIL
1/24/2025,464.65,482.14,512.86,NABIL
1/25/2025,465.08,484.28,508.6,NABIL
1/26/2025,464.65,482.14,512.44,NABIL
1/27/2025,464.65,480.01,503.48,NABIL
1/28/2025,464.65,477.88,506.89,NABIL
1/29/2025,460.38,475.74,506.89,NABIL
1/30/2025,460.38,473.61,506.89,NABIL
1/31/2025,460.38,473.61,502.2,NABIL
2/1/2025,460.38,473.61,498.36,NABIL
2/2/2025,464.65,471.48,497.93,NABIL
2/3/2025,464.65,471.48,497.08,NABIL
2/4/2025,460.38,473.61,492.81,NABIL
2/5/2025,456.54,475.74,492.81,NABIL
2/6/2025,459.96,475.74,493.24,NABIL
2/7/2025,456.12,477.88,493.24,NABIL
2/8/2025,451,473.61,496.65,NABIL
2/9/2025,438.62,471.48,497.08,NABIL
2/10/2025,437.77,469.34,500.92,NABIL
2/11/2025,434.36,467.21,504.33,NABIL
2/12/2025,430.09,469.34,500.06,NABIL
2/13/2025,425.82,469.34,495.8,NABIL
2/14/2025,425.82,471.48,500.06,NABIL
2/15/2025,425.82,473.61,500.06,NABIL
2/16/2025,421.98,473.61,499.64,NABIL
2/17/2025,429.66,471.48,495.8,NABIL
2/18/2025,425.82,469.34,495.8,NABIL
2/19/2025,426.25,471.48,499.64,NABIL
1/10/2025,208.51,211.08,214.95,KBL
1/11/2025,207.09,211.73,216.23,KBL
1/12/2025,206.97,211.08,218.81,KBL
1/13/2025,203.75,211.73,218.81,KBL
1/14/2025,203.75,211.08,221.51,KBL
1/15/2025,205.68,211.73,225.63,KBL
1/16/2025,201.95,210.44,216.49,KBL
1/17/2025,199.11,207.87,216.75,KBL
1/18/2025,195.9,209.15,218.03,KBL
1/19/2025,193.32,209.8,222.93,KBL
1/20/2025,193.32,209.8,221.9,KBL
1/21/2025,194.35,207.22,219.58,KBL
1/22/2025,189.72,205.94,222.8,KBL
1/23/2025,188.56,205.29,224.08,KBL
1/24/2025,187.53,205.94,224.47,KBL
1/25/2025,187.27,205.94,224.47,KBL
1/26/2025,185.47,207.22,223.05,KBL
1/27/2025,185.6,206.58,224.47,KBL
1/28/2025,183.54,205.94,229.1,KBL
1/29/2025,183.54,208.51,226.79,KBL
1/30/2025,187.02,207.87,226.79,KBL
1/31/2025,188.3,205.94,224.08,KBL
2/1/2025,185.99,205.94,225.5,KBL
2/2/2025,187.02,206.58,221.9,KBL
2/3/2025,188.43,207.22,219.06,KBL
2/4/2025,188.82,207.22,218.94,KBL
2/5/2025,187.27,207.22,221.38,KBL
2/6/2025,186.11,208.51,222.67,KBL
2/7/2025,181.48,204.65,222.8,KBL
2/8/2025,182.51,204,224.21,KBL
2/9/2025,182.38,203.36,232.96,KBL
2/10/2025,180.06,205.94,228.72,KBL
2/11/2025,179.29,205.29,227.56,KBL
2/12/2025,179.04,204.65,229.75,KBL
2/13/2025,181.22,205.29,227.94,KBL
2/14/2025,181.09,207.22,225.5,KBL
2/15/2025,177.49,206.58,229.1,KBL
2/16/2025,179.81,207.22,226.92,KBL
2/17/2025,179.94,207.87,226.66,KBL
2/18/2025,184.05,208.51,223.31,KBL
2/19/2025,184.18,209.8,226.79,KBL
1/10/2025,671.44,675.51,679.99,SCB
1/11/2025,667.37,673.48,679.99,SCB
1/12/2025,666.56,671.44,679.99,SCB
1/13/2025,662.49,671.44,679.99,SCB
1/14/2025,657.61,671.44,685.28,SCB
1/15/2025,634,667.37,688.13,SCB
1/16/2025,633.6,671.44,693.82,SCB
1/17/2025,639.29,675.51,724.75,SCB
1/18/2025,634.82,675.51,702.37,SCB
1/19/2025,627.09,673.48,709.69,SCB
1/20/2025,624.64,669.41,724.75,SCB
1/21/2025,630.34,667.37,717.43,SCB
1/22/2025,625.46,671.44,713.76,SCB
1/23/2025,625.87,675.51,717.83,SCB
1/24/2025,628.71,673.48,722.72,SCB
1/25/2025,632.38,677.55,744.69,SCB
1/26/2025,629.12,679.58,748.76,SCB
1/27/2025,624.64,677.55,753.24,SCB
1/28/2025,619.35,677.55,757.71,SCB
1/29/2025,615.28,677.55,749.98,SCB
1/30/2025,614.88,679.58,739.4,SCB
1/31/2025,611.22,681.62,735.74,SCB
2/1/2025,607.15,681.62,732.48,SCB
2/2/2025,607.15,691.79,728.82,SCB
2/3/2025,607.15,687.72,724.75,SCB
2/4/2025,607.55,687.72,724.75,SCB
2/5/2025,607.15,685.68,717.83,SCB
2/6/2025,607.55,671.44,712.14,SCB
2/7/2025,603.48,671.44,716.2,SCB
2/8/2025,599.82,675.51,720.27,SCB
2/9/2025,599.82,677.55,735.33,SCB
2/10/2025,596.16,679.58,746.72,SCB
2/11/2025,588.43,675.51,750.79,SCB
2/12/2025,588.43,675.51,726.38,SCB
2/13/2025,588.43,671.44,728.41,SCB
2/14/2025,589.24,669.41,731.67,SCB
2/15/2025,585.58,667.37,731.26,SCB
2/16/2025,576.22,667.37,738.99,SCB
2/17/2025,578.25,665.34,747.13,SCB
2/18/2025,578.25,665.34,750.79,SCB
2/19/2025,567.27,663.3,755.27,SCB
1/10/2025,235.89,240.52,245.14,HBL
1/11/2025,230.93,241.37,248.22,HBL
1/12/2025,232.64,242.23,250.1,HBL
1/13/2025,232.47,242.23,253.87,HBL
1/14/2025,230.93,240.52,253.53,HBL
1/15/2025,227.51,240.52,251.82,HBL
1/16/2025,227.68,238.81,252.33,HBL
1/17/2025,231.1,241.37,257.98,HBL
1/18/2025,229.22,240.52,261.23,HBL
1/19/2025,229.22,241.37,265.68,HBL
1/20/2025,229.39,240.52,267.74,HBL
1/21/2025,230.93,247.36,261.06,HBL
1/22/2025,229.22,244.8,263.63,HBL
1/23/2025,230.76,243.94,263.63,HBL
1/24/2025,229.22,246.51,262.26,HBL
1/25/2025,227.68,247.36,266.02,HBL
1/26/2025,227.51,249.08,269.11,HBL
1/27/2025,225.97,250.79,272.36,HBL
1/28/2025,227.51,250.79,264.31,HBL
1/29/2025,227.68,250.79,266.02,HBL
1/30/2025,229.05,251.64,266.02,HBL
1/31/2025,229.05,249.93,270.47,HBL
2/1/2025,227.68,246.51,272.36,HBL
2/2/2025,225.79,248.22,277.66,HBL
2/3/2025,225.62,248.22,275.95,HBL
2/4/2025,225.62,242.23,282.63,HBL
2/5/2025,225.97,243.08,285.88,HBL
2/6/2025,226.99,247.36,278.01,HBL
2/7/2025,226.99,245.65,281.09,HBL
2/8/2025,225.79,243.94,282.97,HBL
2/9/2025,227.51,242.23,283.14,HBL
2/10/2025,230.59,242.23,286.22,HBL
2/11/2025,228.71,243.08,282.8,HBL
2/12/2025,225.62,243.94,289.48,HBL
2/13/2025,227.51,243.94,292.22,HBL
2/14/2025,225.45,245.65,297.69,HBL
2/15/2025,227.51,243.08,299.92,HBL
2/16/2025,227.34,245.65,298.55,HBL
2/17/2025,227.34,243.08,302.83,HBL
2/18/2025,229.22,243.08,301.46,HBL
2/19/2025,229.22,249.08,307.79,HBL
1/10/2025,214.4,217.1,219.93,PRVU
1/11/2025,210.36,215.75,222.5,PRVU
1/12/2025,208.88,217.1,222.5,PRVU
1/13/2025,210.22,217.1,223.84,PRVU
1/14/2025,208.61,215.75,222.76,PRVU
1/15/2025,204.83,215.08,225.19,PRVU
1/16/2025,206.18,211.71,222.9,PRVU
1/17/2025,205.91,208.34,222.63,PRVU
1/18/2025,200.78,209.01,223.71,PRVU
1/19/2025,202.13,210.36,223.57,PRVU
1/20/2025,200.78,212.38,223.3,PRVU
1/21/2025,196.6,212.38,223.03,PRVU
1/22/2025,197.14,211.03,228.02,PRVU
1/23/2025,197.28,210.36,226.95,PRVU
1/24/2025,197.41,212.38,230.18,PRVU
1/25/2025,195.93,211.71,237.6,PRVU
1/26/2025,195.8,211.71,230.18,PRVU
1/27/2025,196.87,212.38,223.57,PRVU
1/28/2025,195.66,211.71,224.25,PRVU
1/29/2025,195.39,211.71,225.33,PRVU
1/30/2025,196.6,213.06,224.52,PRVU
1/31/2025,196.6,211.71,225.46,PRVU
2/1/2025,195.26,208.34,222.76,PRVU
2/2/2025,194.04,210.36,221.69,PRVU
2/3/2025,193.91,209.68,221.55,PRVU
2/4/2025,192.56,209.68,220.34,PRVU
2/5/2025,192.29,209.01,225.73,PRVU
2/6/2025,189.86,206.99,226,PRVU
2/7/2025,188.65,206.31,224.52,PRVU
2/8/2025,188.78,206.31,227.08,PRVU
2/9/2025,187.97,206.31,227.08,PRVU
2/10/2025,189.05,204.29,226.81,PRVU
2/11/2025,182.58,204.97,228.16,PRVU
2/12/2025,179.07,204.97,227.08,PRVU
2/13/2025,178,203.62,222.9,PRVU
2/14/2025,179.07,202.94,220.07,PRVU
2/15/2025,179.07,201.59,218.99,PRVU
2/16/2025,178.94,200.92,217.78,PRVU
2/17/2025,178.94,201.59,220.07,PRVU
2/18/2025,177.59,202.27,221.42,PRVU
2/19/2025,177.46,202.94,219.8,PRVU
1/10/2025,231.6,234.84,236.45,MBL
1/11/2025,228.19,234.03,236.94,MBL
1/12/2025,226.58,233.22,238.24,MBL
1/13/2025,225.12,231.6,240.02,MBL
1/14/2025,224.96,233.22,240.34,MBL
1/15/2025,223.5,233.22,244.88,MBL
1/16/2025,221.72,231.6,243.42,MBL
1/17/2025,228.03,233.22,243.58,MBL
1/18/2025,224.96,234.84,252.97,MBL
1/19/2025,221.72,232.41,254.92,MBL
1/20/2025,218.64,229.98,254.11,MBL
1/21/2025,221.72,232.41,260.26,MBL
1/22/2025,224.47,234.84,258.64,MBL
1/23/2025,221.88,236.45,259.45,MBL
1/24/2025,224.79,238.07,260.75,MBL
1/25/2025,223.17,236.45,260.75,MBL
1/26/2025,221.55,237.26,256.54,MBL
1/27/2025,223.17,238.07,257.67,MBL
1/28/2025,224.47,237.26,254.27,MBL
1/29/2025,220.26,238.07,258.8,MBL
1/30/2025,225.77,238.88,255.73,MBL
1/31/2025,218.32,241.31,255.73,MBL
2/1/2025,216.86,239.69,266.58,MBL
2/2/2025,215.24,236.45,255.4,MBL
2/3/2025,216.7,235.64,254.92,MBL
2/4/2025,219.61,238.07,255.08,MBL
2/5/2025,219.94,238.07,256.54,MBL
2/6/2025,220.1,236.45,257.99,MBL
2/7/2025,218.32,234.03,257.83,MBL
2/8/2025,215.24,230.79,255.89,MBL
2/9/2025,216.86,231.6,256.7,MBL
2/10/2025,216.86,230.79,259.78,MBL
2/11/2025,219.29,230.79,258.48,MBL
2/12/2025,218.96,230.79,259.94,MBL
2/13/2025,217.34,232.41,262.37,MBL
2/14/2025,211.68,231.6,263.99,MBL
2/15/2025,217.51,229.98,262.85,MBL
2/16/2025,214.91,229.98,258.32,MBL
2/17/2025,213.78,229.17,257.83,MBL
2/18/2025,214.91,229.17,256.05,MBL
2/19/2025,213.29,228.36,258.16,MBL
1/10/2025,179.23,182.09,186.54,LSL
1/11/2025,178.65,182.09,189.41,LSL
1/12/2025,177.36,182.09,190.7,LSL
1/13/2025,174.64,183.53,192.13,LSL
1/14/2025,174.64,183.53,189.55,LSL
1/15/2025,173.2,183.53,190.7,LSL
1/16/2025,173.2,182.09,191.13,LSL
1/17/2025,172.06,183.53,190.7,LSL
1/18/2025,173.2,183.53,189.55,LSL
1/19/2025,173.35,184.96,192.42,LSL
1/20/2025,173.35,183.53,190.7,LSL
1/21/2025,171.34,184.96,192.42,LSL
1/22/2025,170.05,185.68,191.56,LSL
1/23/2025,171.2,186.39,192.27,LSL
1/24/2025,168.33,184.24,192.13,LSL
1/25/2025,172.49,183.53,193.85,LSL
1/26/2025,171.2,184.24,193.71,LSL
1/27/2025,169.91,182.81,195.14,LSL
1/28/2025,172.92,182.81,197.58,LSL
1/29/2025,170.62,183.53,196.72,LSL
1/30/2025,170.48,183.53,197.15,LSL
1/31/2025,171.77,182.81,198.3,LSL
2/1/2025,171.77,181.38,200.16,LSL
2/2/2025,171.91,184.24,201.45,LSL
2/3/2025,173.35,184.24,205.32,LSL
2/4/2025,173.35,184.24,210.91,LSL
2/5/2025,174.78,184.96,209.48,LSL
2/6/2025,173.49,184.96,213.92,LSL
2/7/2025,173.35,186.39,214.35,LSL
2/8/2025,176.36,187.11,211.92,LSL
2/9/2025,174.49,186.39,209.48,LSL
2/10/2025,172.77,189.26,208.48,LSL
2/11/2025,174.35,189.26,206.75,LSL
2/12/2025,174.49,187.83,207.04,LSL
2/13/2025,173.06,191.41,209.77,LSL
2/14/2025,170.34,193.56,208.48,LSL
2/15/2025,169.91,193.56,209.05,LSL
2/16/2025,171.34,187.83,211.49,LSL
2/17/2025,168.76,187.83,212.92,LSL
2/18/2025,165.46,193.56,212.92,LSL
2/19/2025,164.17,192.85,215.21,LSL
1/10/2025,212.02,217.3,224.24,NIMB
1/11/2025,208.13,216.6,225.49,NIMB
1/12/2025,203.97,215.91,233.54,NIMB
1/13/2025,206.61,215.91,236.6,NIMB
1/14/2025,209.38,217.3,239.23,NIMB
1/15/2025,211.88,215.91,230.21,NIMB
1/16/2025,208.27,217.3,233.96,NIMB
1/17/2025,209.24,218.69,233.82,NIMB
1/18/2025,206.47,217.99,229.93,NIMB
1/19/2025,208.27,217.3,231.6,NIMB
1/20/2025,208.13,217.99,231.6,NIMB
1/21/2025,206.47,217.99,230.9,NIMB
1/22/2025,206.61,217.99,234.93,NIMB
1/23/2025,206.74,220.77,233.82,NIMB
1/24/2025,205.36,221.46,232.85,NIMB
1/25/2025,203.83,222.85,238.82,NIMB
1/26/2025,205.36,224.24,238.96,NIMB
1/27/2025,204.11,221.46,237.57,NIMB
1/28/2025,203.97,223.54,237.57,NIMB
1/29/2025,202.58,223.54,238.12,NIMB
1/30/2025,203.83,223.54,241.59,NIMB
1/31/2025,203.97,222.16,245.9,NIMB
2/1/2025,203.97,222.16,245.9,NIMB
2/2/2025,203.83,223.54,247.7,NIMB
2/3/2025,203.55,222.85,244.09,NIMB
2/4/2025,205.36,223.54,248.26,NIMB
2/5/2025,203.97,224.24,250.06,NIMB
2/6/2025,206.61,226.32,251.45,NIMB
2/7/2025,206.74,225.63,248.82,NIMB
2/8/2025,206.74,227.02,247.43,NIMB
2/9/2025,205.36,227.02,247.7,NIMB
2/10/2025,202.72,225.63,251.31,NIMB
2/11/2025,204.11,224.93,249.09,NIMB
2/12/2025,203.97,227.71,248.82,NIMB
2/13/2025,203.97,230.49,254.92,NIMB
2/14/2025,207.85,230.49,257.7,NIMB
2/15/2025,205.36,226.32,259.92,NIMB
2/16/2025,206.74,230.49,261.17,NIMB
2/17/2025,211.6,230.49,258.67,NIMB
2/18/2025,206.74,236.04,258.67,NIMB
2/19/2025,205.49,237.43,262.42,NIMB
1/10/2025,357.68,365.43,373.18,NABBC
1/11/2025,356.57,369.12,376.87,NABBC
1/12/2025,356.94,369.12,385.73,NABBC
1/13/2025,350.3,370.97,392.38,NABBC
1/14/2025,352.88,369.12,392.01,NABBC
1/15/2025,339.22,367.28,392.01,NABBC
1/16/2025,345.13,361.74,392.01,NABBC
1/17/2025,353.25,370.97,387.58,NABBC
1/18/2025,348.08,367.28,391.64,NABBC
1/19/2025,351.4,370.97,395.33,NABBC
1/20/2025,353.25,369.12,388.68,NABBC
1/21/2025,350.3,372.81,392.01,NABBC
1/22/2025,346.97,372.81,388.32,NABBC
1/23/2025,342.54,376.5,388.68,NABBC
1/24/2025,342.18,369.12,395.7,NABBC
1/25/2025,346.24,372.81,392.38,NABBC
1/26/2025,331.84,376.5,403.08,NABBC
1/27/2025,339.59,372.81,407.14,NABBC
1/28/2025,332.21,369.12,406.4,NABBC
1/29/2025,328.15,369.12,404.19,NABBC
1/30/2025,334.79,370.97,414.89,NABBC
1/31/2025,334.42,372.81,414.89,NABBC
2/1/2025,327.04,376.5,408.25,NABBC
2/2/2025,327.04,374.66,413.78,NABBC
2/3/2025,326.67,372.81,410.09,NABBC
2/4/2025,327.78,370.97,406.77,NABBC
2/5/2025,330.73,365.43,410.09,NABBC
2/6/2025,324.46,367.28,406.4,NABBC
2/7/2025,328.52,370.97,417.85,NABBC
2/8/2025,331.84,380.19,417.48,NABBC
2/9/2025,339.22,380.19,407.14,NABBC
2/10/2025,338.12,380.19,418.21,NABBC
2/11/2025,329.63,380.19,417.85,NABBC
2/12/2025,332.21,378.35,417.48,NABBC
2/13/2025,325.56,370.97,413.78,NABBC
2/14/2025,332.58,369.12,413.42,NABBC
2/15/2025,332.95,370.97,421.17,NABBC
2/16/2025,333.32,372.81,420.8,NABBC
2/17/2025,325.93,369.12,420.8,NABBC
2/18/2025,326.3,370.97,435.93,NABBC
2/19/2025,328.89,367.28,425.97,NABBC
1/10/2025,547.73,564.2,578.56,GMFIL
1/11/2025,544.14,565.69,584.55,GMFIL
1/12/2025,538.75,567.19,605.8,GMFIL
1/13/2025,538.16,559.71,626.45,GMFIL
1/14/2025,528.88,562.7,632.74,GMFIL
1/15/2025,534.27,561.2,626.45,GMFIL
1/16/2025,523.19,573.18,639.02,GMFIL
1/17/2025,519.6,567.19,653.09,GMFIL
1/18/2025,540.55,568.69,650.1,GMFIL
1/19/2025,525.59,571.68,650.4,GMFIL
1/20/2025,527.68,574.67,639.32,GMFIL
1/21/2025,535.46,568.69,653.39,GMFIL
1/22/2025,517.2,570.18,656.98,GMFIL
1/23/2025,513.31,579.16,659.38,GMFIL
1/24/2025,534.27,576.17,651.29,GMFIL
1/25/2025,532.77,573.18,660.57,GMFIL
1/26/2025,507.63,579.16,673.74,GMFIL
1/27/2025,505.53,579.16,676.14,GMFIL
1/28/2025,510.62,580.66,673.44,GMFIL
1/29/2025,521.99,562.7,672.25,GMFIL
1/30/2025,495.95,573.18,652.19,GMFIL
1/31/2025,496.55,556.71,633.34,GMFIL
2/1/2025,496.55,558.21,624.06,GMFIL
2/2/2025,499.25,561.2,616.87,GMFIL
2/3/2025,481.59,570.18,614.48,GMFIL
2/4/2025,478,547.73,626.15,GMFIL
2/5/2025,481.29,552.22,621.66,GMFIL
2/6/2025,485.78,547.73,617.77,GMFIL
2/7/2025,477.7,555.22,628.25,GMFIL
2/8/2025,470.51,555.22,638.42,GMFIL
2/9/2025,466.62,544.74,635.43,GMFIL
2/10/2025,460.04,553.72,638.13,GMFIL
2/11/2025,436.39,550.73,633.34,GMFIL
2/12/2025,429.81,538.75,632.14,GMFIL
2/13/2025,425.02,549.23,618.37,GMFIL
2/14/2025,432.8,556.71,627.35,GMFIL
2/15/2025,425.02,562.7,640.22,GMFIL
2/16/2025,441.18,564.2,641.72,GMFIL
2/17/2025,450.46,559.71,648.3,GMFIL
2/18/2025,448.66,559.71,644.11,GMFIL
2/19/2025,456.74,574.67,648.3,GMFIL
1/10/2025,388.75,393.89,406.12,SADBL
1/11/2025,381.65,397.56,406.36,SADBL
1/12/2025,380.68,398.78,406.12,SADBL
1/13/2025,376.27,391.44,406.36,SADBL
1/14/2025,378.96,390.22,404.41,SADBL
1/15/2025,376.52,387.77,404.16,SADBL
1/16/2025,368.69,387.77,404.65,SADBL
1/17/2025,366,385.32,409.05,SADBL
1/18/2025,365.02,385.32,404.9,SADBL
1/19/2025,353.76,384.1,405.63,SADBL
1/20/2025,359.15,385.32,412.48,SADBL
1/21/2025,353.76,385.32,430.58,SADBL
1/22/2025,358.41,387.77,430.83,SADBL
1/23/2025,356.7,392.66,433.28,SADBL
1/24/2025,354.5,390.22,437.92,SADBL
1/25/2025,351.07,390.22,435.97,SADBL
1/26/2025,352.79,390.22,433.03,SADBL
1/27/2025,345.94,388.99,433.03,SADBL
1/28/2025,345.69,392.66,430.58,SADBL
1/29/2025,338.84,392.66,422.27,SADBL
1/30/2025,337.13,391.44,445.75,SADBL
1/31/2025,341.78,393.89,448.2,SADBL
2/1/2025,337.37,392.66,445.51,SADBL
2/2/2025,341.78,396.33,445.51,SADBL
2/3/2025,351.07,397.56,460.19,SADBL
2/4/2025,344.47,403.67,458.47,SADBL
2/5/2025,352.54,400,451.62,SADBL
2/6/2025,351.81,402.45,458.96,SADBL
2/7/2025,350.58,403.67,466.55,SADBL
2/8/2025,351.32,404.9,468.02,SADBL
2/9/2025,346.67,396.33,456.76,SADBL
2/10/2025,341.78,400,458.96,SADBL
2/11/2025,347.89,404.9,468.5,SADBL
2/12/2025,339.57,407.34,472.91,SADBL
2/13/2025,331.99,402.45,465.57,SADBL
2/14/2025,324.41,391.44,457.74,SADBL
2/15/2025,326.85,395.11,465.57,SADBL
2/16/2025,324.9,401.23,468.26,SADBL
2/17/2025,324.16,402.45,460.19,SADBL
2/18/2025,327.59,401.23,453.58,SADBL
2/19/2025,327.83,404.9,468.5,SADBL
1/10/2025,360.01,369.93,385.95,JBBL
1/11/2025,357.98,369.93,388.65,JBBL
1/12/2025,353.24,367.68,390.91,JBBL
1/13/2025,357.75,366.55,386.17,JBBL
1/14/2025,351.43,365.42,384.59,JBBL
1/15/2025,348.5,366.55,397.22,JBBL
1/16/2025,345.12,369.93,393.62,JBBL
1/17/2025,348.95,366.55,388.65,JBBL
1/18/2025,342.41,375.57,389.78,JBBL
1/19/2025,337.9,374.44,393.16,JBBL
1/20/2025,335.64,369.93,407.38,JBBL
1/21/2025,330.46,372.19,402.19,JBBL
1/22/2025,332.94,372.19,397.68,JBBL
1/23/2025,341.06,362.04,404.44,JBBL
1/24/2025,340.61,372.19,404.89,JBBL
1/25/2025,345.12,371.06,405.8,JBBL
1/26/2025,344.22,365.42,408.05,JBBL
1/27/2025,341.06,358.65,414.37,JBBL
1/28/2025,337.67,358.65,413.24,JBBL
1/29/2025,333.39,360.91,412.34,JBBL
1/30/2025,322.34,358.65,417.98,JBBL
1/31/2025,330.46,362.04,408.73,JBBL
2/1/2025,315.57,365.42,408.5,JBBL
2/2/2025,319.85,367.68,411.44,JBBL
2/3/2025,319.85,362.04,403.99,JBBL
2/4/2025,321.21,358.65,415.72,JBBL
2/5/2025,315.34,360.91,415.04,JBBL
2/6/2025,315.79,366.55,406.25,JBBL
2/7/2025,319.85,359.78,403.31,JBBL
2/8/2025,317.15,356.4,404.22,JBBL
2/9/2025,329.55,359.78,405.8,JBBL
2/10/2025,327.52,359.78,417.53,JBBL
2/11/2025,319.4,359.78,410.76,JBBL
2/12/2025,325.49,360.91,408.5,JBBL
2/13/2025,317.6,365.42,400.61,JBBL
2/14/2025,315.57,366.55,408.95,JBBL
2/15/2025,321.43,375.57,410.53,JBBL
2/16/2025,320.76,367.68,404.67,JBBL
2/17/2025,326.4,369.93,404.67,JBBL
2/18/2025,322.79,369.93,406.47,JBBL
2/19/2025,326.17,371.06,413.01,JBBL
1/10/2025,414.83,433.32,441.25,KSBBL
1/11/2025,422.49,434.64,449.18,KSBBL
1/12/2025,419.05,438.61,449.44,KSBBL
1/13/2025,414.83,442.57,457.1,KSBBL
1/14/2025,417.2,434.64,457.89,KSBBL
1/15/2025,417.2,432,454.46,KSBBL
1/16/2025,416.68,435.96,454.46,KSBBL
1/17/2025,412.18,432,446.8,KSBBL
1/18/2025,406.64,429.36,449.18,KSBBL
1/19/2025,416.94,429.36,447.06,KSBBL
1/20/2025,411.66,432,457.37,KSBBL
1/21/2025,411.66,430.68,454.46,KSBBL
1/22/2025,414.3,432,454.72,KSBBL
1/23/2025,409.54,433.32,454.99,KSBBL
1/24/2025,406.11,434.64,449.44,KSBBL
1/25/2025,395.27,430.68,455.78,KSBBL
1/26/2025,405.31,426.72,448.91,KSBBL
1/27/2025,403.2,424.07,453.14,KSBBL
1/28/2025,408.22,420.11,455.78,KSBBL
1/29/2025,401.62,418.79,458.16,KSBBL
1/30/2025,396.6,425.4,463.18,KSBBL
1/31/2025,398.97,425.4,470.58,KSBBL
2/1/2025,392.37,422.75,461.07,KSBBL
2/2/2025,391.31,426.72,454.2,KSBBL
2/3/2025,384.97,421.43,467.93,KSBBL
2/4/2025,383.12,424.07,463.44,KSBBL
2/5/2025,385.23,422.75,461.07,KSBBL
2/6/2025,373.34,422.75,471.37,KSBBL
2/7/2025,380.48,429.36,465.29,KSBBL
2/8/2025,371.49,426.72,470.58,KSBBL
2/9/2025,373.61,425.4,462.91,KSBBL
2/10/2025,371.49,424.07,458.16,KSBBL
2/11/2025,371.76,420.11,460.01,KSBBL
2/12/2025,368.85,420.11,464.5,KSBBL
2/13/2025,370.7,421.43,467.41,KSBBL
2/14/2025,368.32,421.43,462.12,KSBBL
2/15/2025,363.04,418.79,466.61,KSBBL
2/16/2025,360.66,420.11,464.24,KSBBL
2/17/2025,352.47,420.11,463.97,KSBBL
2/18/2025,353,417.47,468.46,KSBBL
2/19/2025,353.26,418.79,471.63,KSBBL
1/10/2025,457.71,466.45,478.11,LBBL
1/11/2025,457.42,466.45,481.32,LBBL
1/12/2025,457.71,467.91,486.86,LBBL
1/13/2025,451.88,470.83,484.82,LBBL
1/14/2025,454.79,473.74,486.86,LBBL
1/15/2025,454.5,473.74,490.36,LBBL
1/16/2025,456.25,469.37,491.23,LBBL
1/17/2025,448.96,472.28,498.52,LBBL
1/18/2025,448.38,473.74,496.19,LBBL
1/19/2025,442.84,475.2,493.57,LBBL
1/20/2025,442.55,475.2,499.1,LBBL
1/21/2025,434.09,479.57,504.35,LBBL
1/22/2025,434.09,473.74,502.02,LBBL
1/23/2025,434.09,476.66,504.64,LBBL
1/24/2025,425.35,467.91,516.31,LBBL
1/25/2025,432.93,472.28,519.22,LBBL
1/26/2025,435.84,473.74,505.52,LBBL
1/27/2025,433.22,475.2,516.01,LBBL
1/28/2025,430.89,475.2,537,LBBL
1/29/2025,427.68,467.91,506.98,LBBL
1/30/2025,437.3,470.83,507.27,LBBL
1/31/2025,439.92,469.37,509.02,LBBL
2/1/2025,441.09,473.74,520.1,LBBL
2/2/2025,435.55,467.91,519.8,LBBL
2/3/2025,440.51,475.2,516.31,LBBL
2/4/2025,444.88,473.74,517.18,LBBL
2/5/2025,439.34,473.74,520.39,LBBL
2/6/2025,440.22,478.11,519.22,LBBL
2/7/2025,444.59,476.66,516.89,LBBL
2/8/2025,441.67,475.2,516.89,LBBL
2/9/2025,439.63,482.49,521.55,LBBL
2/10/2025,439.92,481.03,529.42,LBBL
2/11/2025,440.22,472.28,533.51,LBBL
2/12/2025,431.47,475.2,531.17,LBBL
2/13/2025,425.93,476.66,517.76,LBBL
2/14/2025,418.06,481.03,517.18,LBBL
2/15/2025,411.06,482.49,503.19,LBBL
2/16/2025,415.73,478.11,505.52,LBBL
2/17/2025,418.35,486.86,518.35,LBBL
2/18/2025,412.81,488.32,514.85,LBBL
2/19/2025,409.31,485.4,538.46,LBBL
1/10/2025,392.18,396.44,406.39,GBBL
1/11/2025,389.34,395.02,403.83,GBBL
1/12/2025,389.34,397.86,409.52,GBBL
1/13/2025,386.21,395.02,406.39,GBBL
1/14/2025,385.93,395.02,412.07,GBBL
1/15/2025,380.81,396.44,407.24,GBBL
1/16/2025,377.69,396.44,401.56,GBBL
1/17/2025,377.69,393.6,409.52,GBBL
1/18/2025,372,393.6,409.23,GBBL
1/19/2025,371.72,392.18,406.67,GBBL
1/20/2025,372.29,395.02,406.96,GBBL
1/21/2025,368.88,390.76,409.52,GBBL
1/22/2025,377.69,390.76,409.23,GBBL
1/23/2025,374.85,390.76,406.67,GBBL
1/24/2025,372.29,393.6,412.07,GBBL
1/25/2025,373.99,390.76,409.52,GBBL
1/26/2025,371.72,390.76,404.4,GBBL
1/27/2025,369.45,392.18,407.24,GBBL
1/28/2025,369.16,390.76,409.23,GBBL
1/29/2025,369.16,386.5,409.52,GBBL
1/30/2025,372,386.5,415.77,GBBL
1/31/2025,369.45,387.92,420.6,GBBL
2/1/2025,369.45,385.08,421.17,GBBL
2/2/2025,374.28,392.18,420.88,GBBL
2/3/2025,372,387.92,423.73,GBBL
2/4/2025,371.72,387.92,418.33,GBBL
2/5/2025,368.03,385.08,423.44,GBBL
2/6/2025,364.05,385.08,421.45,GBBL
2/7/2025,364.61,386.5,431.97,GBBL
2/8/2025,367.74,385.08,429.13,GBBL
2/9/2025,360.35,386.5,429.69,GBBL
2/10/2025,357.51,389.34,432.54,GBBL
2/11/2025,351.83,393.6,432.82,GBBL
2/12/2025,351.83,389.34,440.49,GBBL
2/13/2025,351.83,387.92,427.7,GBBL
2/14/2025,356.37,387.92,435.09,GBBL
2/15/2025,351.26,387.92,432.82,GBBL
2/16/2025,351.54,386.5,437.65,GBBL
2/17/2025,353.82,387.92,433.1,GBBL
2/18/2025,354.95,387.92,428.27,GBBL
2/19/2025,354.67,387.92,430.83,GBBL
1/10/2025,642.59,665.75,681.07,MDB
1/11/2025,629.65,660.64,674.94,MDB
1/12/2025,622.84,658.94,693.67,MDB
1/13/2025,625.22,652.13,719.89,MDB
1/14/2025,618.75,653.83,711.04,MDB
1/15/2025,605.13,655.53,707.29,MDB
1/16/2025,607.52,662.34,719.55,MDB
1/17/2025,605.81,662.34,737.26,MDB
1/18/2025,605.81,667.45,750.2,MDB
1/19/2025,605.13,679.37,747.14,MDB
1/20/2025,606.83,677.67,749.86,MDB
1/21/2025,607.18,675.96,756.67,MDB
1/22/2025,607.18,672.56,760.42,MDB
1/23/2025,605.13,679.37,747.82,MDB
1/24/2025,601.05,669.15,760.08,MDB
1/25/2025,590.15,679.37,777.44,MDB
1/26/2025,599,681.07,779.83,MDB
1/27/2025,601.73,691.29,805.71,MDB
1/28/2025,594.58,686.18,818.99,MDB
1/29/2025,588.79,687.88,814.56,MDB
1/30/2025,593.89,691.29,807.07,MDB
1/31/2025,601.39,692.99,804.69,MDB
2/1/2025,605.47,699.8,808.77,MDB
2/2/2025,603.09,696.4,834.31,MDB
2/3/2025,570.4,694.69,865.98,MDB
2/4/2025,573.12,689.58,886.75,MDB
2/5/2025,585.38,691.29,834.31,MDB
2/6/2025,577.21,679.37,821.03,MDB
2/7/2025,561.54,684.48,865.64,MDB
2/8/2025,567.67,684.48,847.93,MDB
2/9/2025,574.48,672.56,816.26,MDB
2/10/2025,566.31,667.45,833.97,MDB
2/11/2025,557.46,660.64,792.77,MDB
2/12/2025,544.52,664.04,814.56,MDB
2/13/2025,544.52,660.64,824.44,MDB
2/14/2025,554.05,655.53,838.06,MDB
2/15/2025,566.31,655.53,814.56,MDB
2/16/2025,569.38,664.04,832.95,MDB
2/17/2025,578.23,660.64,860.87,MDB
2/18/2025,587.08,664.04,844.19,MDB
2/19/2025,585.04,667.45,840.78,MDB
1/10/2025,411.58,417.54,432.31,SHINE
1/11/2025,405.9,417.54,436.57,SHINE
1/12/2025,406.18,417.54,431.18,SHINE
1/13/2025,408.45,417.54,443.96,SHINE
1/14/2025,400.22,418.96,434.87,SHINE
1/15/2025,400.22,421.8,434.87,SHINE
1/16/2025,400.5,420.38,443.11,SHINE
1/17/2025,399.65,420.38,449.07,SHINE
1/18/2025,391.98,420.38,447.65,SHINE
1/19/2025,394.54,417.54,449.36,SHINE
1/20/2025,397.38,418.96,447.37,SHINE
1/21/2025,390.56,413.28,439.13,SHINE
1/22/2025,385.73,413.28,447.08,SHINE
1/23/2025,385.73,417.54,449.36,SHINE
1/24/2025,385.73,417.54,457.59,SHINE
1/25/2025,383.17,418.96,461.57,SHINE
1/26/2025,388.57,420.38,466.12,SHINE
1/27/2025,395.96,426.07,473.5,SHINE
1/28/2025,393.68,426.07,475.2,SHINE
1/29/2025,391.41,423.22,477.76,SHINE
1/30/2025,391.13,426.07,482.87,SHINE
1/31/2025,393.4,421.8,486.28,SHINE
2/1/2025,393.12,417.54,488.55,SHINE
2/2/2025,386.3,418.96,480.6,SHINE
2/3/2025,394.54,411.86,480.32,SHINE
2/4/2025,385.16,414.7,484.01,SHINE
2/5/2025,384.31,413.28,494.52,SHINE
2/6/2025,385.16,411.86,494.8,SHINE
2/7/2025,383.17,407.6,494.8,SHINE
2/8/2025,382.89,404.76,499.92,SHINE
2/9/2025,380.62,416.12,501.34,SHINE
2/10/2025,374.94,416.12,506.45,SHINE
2/11/2025,379.48,418.96,505.88,SHINE
2/12/2025,374.65,417.54,500.48,SHINE
2/13/2025,374.09,421.8,498.78,SHINE
2/14/2025,371.81,420.38,516.96,SHINE
2/15/2025,376.93,420.38,506.45,SHINE
2/16/2025,374.37,416.12,507.3,SHINE
2/17/2025,379.77,417.54,504.75,SHINE
2/18/2025,374.94,417.54,496.79,SHINE
2/19/2025,369.26,417.54,494.8,SHINE
1/28/2025,469.98,493.78,503.3,RLFL
1/29/2025,466.71,484.85,524.42,RLFL
1/30/2025,464.03,484.85,510.73,RLFL
1/31/2025,455.11,483.37,529.77,RLFL
2/1/2025,457.79,478.9,525.9,RLFL
2/2/2025,449.16,483.37,538.4,RLFL
2/3/2025,451.54,484.85,539.29,RLFL
2/4/2025,454.51,490.8,539.29,RLFL
2/5/2025,456.89,495.26,544.64,RLFL
2/6/2025,460.46,484.85,551.48,RLFL
2/7/2025,448.56,498.24,553.86,RLFL
2/8/2025,449.16,489.32,561.6,RLFL
2/9/2025,453.92,481.88,572.01,RLFL
2/10/2025,445.59,478.9,593.72,RLFL
2/11/2025,445.89,486.34,574.98,RLFL
2/12/2025,454.81,481.88,591.05,RLFL
2/13/2025,443.21,478.9,591.64,RLFL
2/14/2025,443.21,477.42,590.45,RLFL
2/15/2025,431.31,480.39,598.18,RLFL
2/16/2025,435.77,489.32,592.83,RLFL
2/17/2025,429.82,483.37,595.51,RLFL
2/18/2025,438.75,490.8,618.11,RLFL
2/19/2025,440.53,481.88,606.81,RLFL
1/10/2025,1608.89,1670.16,1713.13,CORBL
1/11/2025,1545,1675.77,1741.53,CORBL
1/12/2025,1500.16,1653.35,1749.38,CORBL
1/13/2025,1444.49,1619.72,1746.39,CORBL
1/14/2025,1430.29,1617.86,1725.46,CORBL
1/15/2025,1438.51,1589.83,1703.05,CORBL
1/16/2025,1441.12,1578.62,1715,CORBL
1/17/2025,1408.24,1546.86,1681,CORBL
1/18/2025,1398.53,1526.31,1665.31,CORBL
1/19/2025,1391.8,1518.84,1652.6,CORBL
1/20/2025,1384.33,1518.84,1654.1,CORBL
1/21/2025,1325.67,1498.29,1634.67,CORBL
1/22/2025,1361.91,1511.37,1643.64,CORBL
1/23/2025,1370.51,1515.1,1609.64,CORBL
1/24/2025,1330.9,1520.71,1593.57,CORBL
1/25/2025,1320.81,1502.03,1593.57,CORBL
1/26/2025,1314.09,1477.74,1608.89,CORBL
1/27/2025,1294.28,1445.98,1586.1,CORBL
1/28/2025,1254.68,1419.83,1586.84,CORBL
1/29/2025,1193.03,1432.9,1567.79,CORBL
1/30/2025,1168.37,1421.7,1590.58,CORBL
1/31/2025,1171.36,1423.56,1627.94,CORBL
2/1/2025,1162.02,1431.04,1645.5,CORBL
2/2/2025,1194.15,1444.11,1643.64,CORBL
2/3/2025,1176.59,1447.85,1646.25,CORBL
2/4/2025,1184.06,1440.38,1645.88,CORBL
2/5/2025,1169.49,1416.09,1625.33,CORBL
2/6/2025,1155.66,1445.98,1627.94,CORBL
2/7/2025,1117.18,1423.56,1655.22,CORBL
2/8/2025,1092.15,1408.62,1639.53,CORBL
2/9/2025,1113.44,1389.94,1640.27,CORBL
2/10/2025,1092.52,1356.31,1667.92,CORBL
2/11/2025,1135.11,1333.89,1638.41,CORBL
2/12/2025,1115.31,1320.81,1633.17,CORBL
2/13/2025,1078.32,1292.79,1624.58,CORBL
2/14/2025,1031.24,1317.08,1597.31,CORBL
2/15/2025,1037.97,1318.94,1576.76,CORBL
2/16/2025,1015.18,1294.66,1585.72,CORBL
2/17/2025,1014.06,1277.84,1619.35,CORBL
2/18/2025,965.48,1307.74,1626.08,CORBL
2/19/2025,993.13,1328.29,1629.44,CORBL
1/10/2025,1057.46,1095.85,1164.84,SAPDBL
1/11/2025,1002.73,1071.21,1122.31,SAPDBL
1/12/2025,962.01,1045.27,1128.53,SAPDBL
1/13/2025,930.89,1025.82,1114.78,SAPDBL
1/14/2025,909.88,1020.63,1115.3,SAPDBL
1/15/2025,867.34,984.32,1097.67,SAPDBL
1/16/2025,868.64,999.88,1131.38,SAPDBL
1/17/2025,851.26,986.91,1105.71,SAPDBL
1/18/2025,826.88,964.87,1082.1,SAPDBL
1/19/2025,826.88,946.71,1079.51,SAPDBL
1/20/2025,817.02,918.18,1069.91,SAPDBL
1/21/2025,797.57,910.4,1115.3,SAPDBL
1/22/2025,792.9,889.65,1118.16,SAPDBL
1/23/2025,772.41,875.38,1107.26,SAPDBL
1/24/2025,743.62,862.41,1127.75,SAPDBL
1/25/2025,741.81,849.45,1150.06,SAPDBL
1/26/2025,751.66,839.07,1137.61,SAPDBL
1/27/2025,760.74,855.93,1142.28,SAPDBL
1/28/2025,730.91,874.09,1140.2,SAPDBL
1/29/2025,724.17,884.46,1168.99,SAPDBL
1/30/2025,731.17,887.05,1189.22,SAPDBL
1/31/2025,717.94,884.46,1158.36,SAPDBL
2/1/2025,717.94,896.13,1189.74,SAPDBL
2/2/2025,722.09,920.77,1238.76,SAPDBL
2/3/2025,713.27,912.99,1242.4,SAPDBL
2/4/2025,711.2,910.4,1270.67,SAPDBL
2/5/2025,706.01,912.99,1273.78,SAPDBL
2/6/2025,692.27,903.91,1262.37,SAPDBL
2/7/2025,648.17,902.62,1250.95,SAPDBL
2/8/2025,615.23,898.73,1241.88,SAPDBL
2/9/2025,609.01,903.91,1226.83,SAPDBL
2/10/2025,602.78,911.7,1163.55,SAPDBL
2/11/2025,597.08,888.35,1146.95,SAPDBL
2/12/2025,602.78,894.84,1133.46,SAPDBL
2/13/2025,604.86,885.76,1116.6,SAPDBL
2/14/2025,577.36,883.16,1107,SAPDBL
2/15/2025,589.81,850.74,1056.17,SAPDBL
2/16/2025,585.4,859.82,1050.72,SAPDBL
2/17/2025,570.1,841.66,1055.39,SAPDBL
2/18/2025,564.4,823.51,1018.82,SAPDBL
2/19/2025,612.64,828.7,1006.88,SAPDBL
1/10/2025,580.54,600.81,611.52,EDBL
1/11/2025,572.43,595.02,619.63,EDBL
1/12/2025,562.3,590.67,626,EDBL
1/13/2025,529.87,584.88,629.18,EDBL
1/14/2025,532.19,602.26,638.16,EDBL
1/15/2025,531.9,595.02,651.48,EDBL
1/16/2025,535.08,600.81,628.61,EDBL
1/17/2025,529.58,592.12,643.37,EDBL
1/18/2025,545.51,602.26,648.58,EDBL
1/19/2025,541.45,605.15,664.51,EDBL
1/20/2025,545.8,597.91,664.22,EDBL
1/21/2025,547.24,581.99,669.14,EDBL
1/22/2025,544.35,586.33,664.51,EDBL
1/23/2025,549.85,599.36,643.37,EDBL
1/24/2025,544.35,605.15,674.06,EDBL
1/25/2025,536.53,596.47,693.17,EDBL
1/26/2025,528.13,609.5,673.49,EDBL
1/27/2025,511.34,612.39,681.88,EDBL
1/28/2025,523.5,596.47,715.76,EDBL
1/29/2025,531.03,603.7,700.7,EDBL
1/30/2025,534.21,597.91,695.49,EDBL
1/31/2025,542.61,605.15,681.3,EDBL
2/1/2025,548.98,610.94,671.17,EDBL
2/2/2025,558.54,616.73,667.4,EDBL
2/3/2025,555.64,613.84,674.35,EDBL
2/4/2025,551.01,610.94,680.72,EDBL
2/5/2025,555.64,618.18,684.78,EDBL
2/6/2025,558.25,606.6,667.4,EDBL
2/7/2025,555.35,610.94,687.67,EDBL
2/8/2025,546.95,612.39,688.25,EDBL
2/9/2025,546.66,612.39,691.15,EDBL
2/10/2025,544.06,621.08,685.94,EDBL
2/11/2025,537.4,628.32,690.86,EDBL
2/12/2025,540.58,641.35,688.25,EDBL
2/13/2025,532.19,655.82,679.86,EDBL
2/14/2025,542.9,637,685.36,EDBL
2/15/2025,543.48,628.32,685.65,EDBL
2/16/2025,535.66,631.21,701.57,EDBL
2/17/2025,536.82,632.66,710.55,EDBL
2/18/2025,535.37,628.32,711.42,EDBL
2/19/2025,535.37,622.52,724.45,EDBL
1/10/2025,370.68,379.76,391.12,MLBL
1/11/2025,365.88,375.98,391.12,MLBL
1/12/2025,365.88,374.71,394.14,MLBL
1/13/2025,358.31,373.45,389.1,MLBL
1/14/2025,359.83,370.93,391.37,MLBL
1/15/2025,355.28,372.19,383.8,MLBL
1/16/2025,358.06,374.71,384.81,MLBL
1/17/2025,358.31,373.45,383.8,MLBL
1/18/2025,358.06,370.93,384.56,MLBL
1/19/2025,348.22,367.14,391.37,MLBL
1/20/2025,345.7,363.36,411.81,MLBL
1/21/2025,340.14,364.62,386.32,MLBL
1/22/2025,340.14,364.62,383.04,MLBL
1/23/2025,347.46,367.14,383.55,MLBL
1/24/2025,347.46,367.14,391.37,MLBL
1/25/2025,352.26,364.62,383.8,MLBL
1/26/2025,350.49,360.84,384.3,MLBL
1/27/2025,353.01,362.1,398.69,MLBL
1/28/2025,348.22,360.84,404.24,MLBL
1/29/2025,342.92,360.84,391.12,MLBL
1/30/2025,345.7,363.36,403.23,MLBL
1/31/2025,345.44,363.36,402.98,MLBL
2/1/2025,348.22,365.88,394.14,MLBL
2/2/2025,342.92,370.93,390.36,MLBL
2/3/2025,342.42,368.41,391.87,MLBL
2/4/2025,339.64,367.14,396.42,MLBL
2/5/2025,335.1,369.67,399.7,MLBL
2/6/2025,337.12,365.88,407.52,MLBL
2/7/2025,332.32,367.14,404.99,MLBL
2/8/2025,325.26,369.67,404.74,MLBL
2/9/2025,329.8,368.41,405.25,MLBL
2/10/2025,329.29,365.88,399.44,MLBL
2/11/2025,324.75,364.62,398.18,MLBL
2/12/2025,327.02,369.67,397.42,MLBL
2/13/2025,329.55,368.41,400.2,MLBL
2/14/2025,327.02,370.93,403.99,MLBL
2/15/2025,329.8,372.19,401.21,MLBL
2/16/2025,329.04,365.88,401.71,MLBL
2/17/2025,333.08,364.62,399.19,MLBL
2/18/2025,324.25,364.62,396.42,MLBL
2/19/2025,326.77,362.1,399.19,MLBL
1/10/2025,1166.46,1189.86,1222.8,GRDBL
1/11/2025,1123.36,1163.69,1246.5,GRDBL
1/12/2025,1106.12,1159.07,1250.81,GRDBL
1/13/2025,1077.8,1145.22,1207.4,GRDBL
1/14/2025,1055.63,1117.51,1202.48,GRDBL
1/15/2025,1046.09,1089.8,1189.55,GRDBL
1/16/2025,1035.31,1105.2,1190.78,GRDBL
1/17/2025,1025.46,1111.35,1204.94,GRDBL
1/18/2025,987.29,1091.34,1200.94,GRDBL
1/19/2025,959.89,1080.57,1182.77,GRDBL
1/20/2025,949.73,1114.43,1215.72,GRDBL
1/21/2025,951.88,1085.18,1247.12,GRDBL
1/22/2025,925.1,1066.71,1233.57,GRDBL
1/23/2025,906.94,1059.02,1230.18,GRDBL
1/24/2025,910.32,1055.94,1229.57,GRDBL
1/25/2025,899.86,1052.86,1255.12,GRDBL
1/26/2025,903.55,1062.1,1255.12,GRDBL
1/27/2025,886.62,1069.79,1253.58,GRDBL
1/28/2025,885.39,1074.41,1261.89,GRDBL
1/29/2025,920.48,1071.33,1236.96,GRDBL
1/30/2025,879.23,1080.57,1245.58,GRDBL
1/31/2025,870,1092.88,1308.38,GRDBL
2/1/2025,865.07,1103.66,1268.05,GRDBL
2/2/2025,849.68,1088.26,1253.27,GRDBL
2/3/2025,793.34,1086.72,1246.81,GRDBL
2/4/2025,820.12,1082.11,1228.95,GRDBL
2/5/2025,805.35,1083.65,1226.49,GRDBL
2/6/2025,801.04,1055.94,1225.57,GRDBL
2/7/2025,775.48,1043.62,1255.43,GRDBL
2/8/2025,774.87,1035.93,1223.72,GRDBL
2/9/2025,765.32,1052.86,1233.57,GRDBL
2/10/2025,767.48,1054.4,1238.5,GRDBL
2/11/2025,764.09,1075.95,1249.89,GRDBL
2/12/2025,743.77,1072.87,1215.71,GRDBL
2/13/2025,760.4,1082.11,1234.8,GRDBL
2/14/2025,752.09,1085.18,1234.8,GRDBL
2/15/2025,751.47,1062.1,1247.42,GRDBL
2/16/2025,734.23,1069.79,1248.35,GRDBL
2/17/2025,740.08,1052.86,1247.12,GRDBL
2/18/2025,758.55,1046.7,1254.5,GRDBL
2/19/2025,776.41,1032.85,1228.03,GRDBL
1/10/2025,1082.03,1101.16,1131.25,SINDU
1/11/2025,1056.72,1101.16,1165.57,SINDU
1/12/2025,1015.09,1078.65,1183.85,SINDU
1/13/2025,1002.43,1078.65,1175.69,SINDU
1/14/2025,1001.59,1087.09,1160.78,SINDU
1/15/2025,982.46,1074.44,1144.19,SINDU
1/16/2025,963.34,1060.37,1153.47,SINDU
1/17/2025,933.24,1074.44,1145.6,SINDU
1/18/2025,911.02,1064.59,1146.72,SINDU
1/19/2025,940.83,1070.22,1132.66,SINDU
1/20/2025,897.52,1053.34,1134.63,SINDU
1/21/2025,926.21,1051.93,1155.72,SINDU
1/22/2025,932.96,1049.12,1148.13,SINDU
1/23/2025,923.4,1036.46,1142.5,SINDU
1/24/2025,928.74,1035.06,1159.1,SINDU
1/25/2025,921.15,1023.81,1162.75,SINDU
1/26/2025,929.58,1032.25,1128.44,SINDU
1/27/2025,912.15,1033.65,1113.53,SINDU
1/28/2025,938.87,1047.72,1139.97,SINDU
1/29/2025,928.74,1047.72,1140.81,SINDU
1/30/2025,938.3,1039.28,1135.19,SINDU
1/31/2025,953.77,1061.78,1151.5,SINDU
2/1/2025,937.46,1066,1150.94,SINDU
2/2/2025,931.27,1057.56,1140.53,SINDU
2/3/2025,941.12,1051.93,1147.85,SINDU
2/4/2025,913.55,1058.97,1147.56,SINDU
2/5/2025,921.71,1068.81,1202.13,SINDU
2/6/2025,889.93,1053.34,1218.73,SINDU
2/7/2025,873.89,1051.93,1170.63,SINDU
2/8/2025,818.48,1036.46,1165.28,SINDU
2/9/2025,782.76,1036.46,1203.82,SINDU
2/10/2025,777.14,1008.34,1206.35,SINDU
2/11/2025,723.13,998.49,1195.66,SINDU
2/12/2025,671.66,970.37,1177.38,SINDU
2/13/2025,656.47,963.34,1176.82,SINDU
2/14/2025,672.79,966.15,1210.01,SINDU
2/15/2025,698.1,974.59,1190.04,SINDU
2/16/2025,705.13,984.43,1203.26,SINDU
2/17/2025,711.88,1001.31,1225.19,SINDU
2/18/2025,698.1,1023.81,1215.91,SINDU
2/19/2025,672.51,1021,1205.79,SINDU
1/10/2025,366.62,372.35,375.21,MNBBL
1/11/2025,366.33,372.35,378.36,MNBBL
1/12/2025,363.47,375.21,380.94,MNBBL
1/13/2025,360.6,372.35,380.94,MNBBL
1/14/2025,360.32,375.21,384.09,MNBBL
1/15/2025,354.87,372.35,384.09,MNBBL
1/16/2025,360.89,372.35,382.66,MNBBL
1/17/2025,360.6,369.48,384.37,MNBBL
1/18/2025,357.45,369.48,382.37,MNBBL
1/19/2025,357.74,370.91,382.08,MNBBL
1/20/2025,358.02,368.05,381.51,MNBBL
1/21/2025,354.87,368.05,380.08,MNBBL
1/22/2025,357.74,369.48,379.79,MNBBL
1/23/2025,357.45,368.05,384.95,MNBBL
1/24/2025,354.59,366.62,385.81,MNBBL
1/25/2025,354.87,369.48,390.39,MNBBL
1/26/2025,355.16,369.48,394.97,MNBBL
1/27/2025,357.74,368.05,399.84,MNBBL
1/28/2025,354.87,369.48,400.13,MNBBL
1/29/2025,354.87,369.48,402.71,MNBBL
1/30/2025,363.18,370.91,404.14,MNBBL
1/31/2025,360.32,375.21,401.27,MNBBL
2/1/2025,357.74,372.35,394.11,MNBBL
2/2/2025,360.03,372.35,399.27,MNBBL
2/3/2025,359.74,366.62,396.69,MNBBL
2/4/2025,357.17,369.48,391.25,MNBBL
2/5/2025,360.6,373.78,396.4,MNBBL
2/6/2025,357.74,370.91,399.27,MNBBL
2/7/2025,355.16,369.48,396.4,MNBBL
2/8/2025,352.3,369.48,398.41,MNBBL
2/9/2025,352.01,372.35,400.99,MNBBL
2/10/2025,349.15,370.91,403.85,MNBBL
2/11/2025,348.57,369.48,398.98,MNBBL
2/12/2025,345.99,368.05,398.7,MNBBL
2/13/2025,346.28,366.62,398.41,MNBBL
2/14/2025,349.15,370.91,401.85,MNBBL
2/15/2025,343.13,370.91,403.85,MNBBL
2/16/2025,343.7,369.48,403.85,MNBBL
2/17/2025,345.99,370.91,404.42,MNBBL
2/18/2025,342.84,366.62,396.98,MNBBL
2/19/2025,344.85,365.18,404.42,MNBBL
1/10/2025,574.42,587.96,610.81,SIFC
1/11/2025,567.21,584.95,602.39,SIFC
1/12/2025,547.06,583.45,610.81,SIFC
1/13/2025,528.41,590.97,614.42,SIFC
1/14/2025,525.4,590.97,622.84,SIFC
1/15/2025,530.82,589.46,622.54,SIFC
1/16/2025,528.71,586.45,618.93,SIFC
1/17/2025,544.05,583.45,629.46,SIFC
1/18/2025,519.99,596.98,623.45,SIFC
1/19/2025,518.18,574.42,632.17,SIFC
1/20/2025,513.97,578.94,646,SIFC
1/21/2025,519.99,581.94,635.78,SIFC
1/22/2025,513.97,587.96,655.93,SIFC
1/23/2025,513.67,574.42,661.04,SIFC
1/24/2025,505.25,575.93,663.14,SIFC
1/25/2025,489.91,571.42,673.67,SIFC
1/26/2025,502.25,598.48,686.6,SIFC
1/27/2025,497.13,581.94,679.99,SIFC
1/28/2025,483.6,578.94,669.46,SIFC
1/29/2025,474.88,572.92,675.78,SIFC
1/30/2025,459.84,574.42,682.99,SIFC
1/31/2025,462.85,583.45,674.57,SIFC
2/1/2025,471.27,569.91,692.02,SIFC
2/2/2025,484.2,556.38,698.33,SIFC
2/3/2025,483.9,554.88,678.18,SIFC
2/4/2025,468.86,557.88,693.82,SIFC
2/5/2025,476.38,557.88,710.36,SIFC
2/6/2025,469.16,553.37,687.81,SIFC
2/7/2025,471.57,548.86,692.02,SIFC
2/8/2025,444.8,550.36,678.48,SIFC
2/9/2025,446.01,547.36,685.4,SIFC
2/10/2025,449.01,536.83,723.29,SIFC
2/11/2025,441.49,536.83,735.02,SIFC
2/12/2025,446.61,536.83,690.51,SIFC
2/13/2025,446.31,533.82,702.54,SIFC
2/14/2025,451.42,535.33,700.74,SIFC
2/15/2025,448.11,527.81,681.49,SIFC
2/16/2025,448.71,544.35,687.2,SIFC
2/17/2025,437.89,550.36,679.08,SIFC
2/18/2025,431.57,547.36,692.02,SIFC
2/19/2025,426.76,533.82,679.38,SIFC
1/10/2025,617.08,629.37,653.34,CFCL
1/11/2025,599.1,629.37,668.33,CFCL
1/12/2025,592.8,626.37,663.23,CFCL
1/13/2025,581.12,635.36,669.53,CFCL
1/14/2025,565.53,636.86,680.62,CFCL
1/15/2025,553.84,629.37,676.72,CFCL
1/16/2025,560.14,638.36,734.86,CFCL
1/17/2025,559.84,656.34,716.58,CFCL
1/18/2025,553.54,641.36,700.7,CFCL
1/19/2025,554.44,656.34,716.58,CFCL
1/20/2025,556.24,656.34,722.87,CFCL
1/21/2025,550.55,653.34,723.77,CFCL
1/22/2025,574.82,651.85,734.56,CFCL
1/23/2025,569.43,663.83,748.05,CFCL
1/24/2025,572.13,671.33,756.44,CFCL
1/25/2025,566.13,660.84,751.05,CFCL
1/26/2025,562.84,666.83,749.55,CFCL
1/27/2025,553.24,671.33,735.16,CFCL
1/28/2025,543.95,686.31,738.16,CFCL
1/29/2025,537.96,659.34,753.14,CFCL
1/30/2025,536.76,657.84,752.54,CFCL
1/31/2025,530.47,675.82,750.15,CFCL
2/1/2025,525.37,663.83,761.54,CFCL
2/2/2025,508.89,672.82,745.65,CFCL
2/3/2025,516.98,669.83,757.34,CFCL
2/4/2025,494.5,660.84,769.63,CFCL
2/5/2025,482.22,663.83,765.43,CFCL
2/6/2025,501.4,665.33,760.34,CFCL
2/7/2025,493.9,674.32,782.81,CFCL
2/8/2025,491.51,659.34,760.34,CFCL
2/9/2025,502.9,648.85,750.15,CFCL
2/10/2025,524.47,656.34,770.23,CFCL
2/11/2025,519.68,641.36,763.03,CFCL
2/12/2025,523.57,629.37,760.34,CFCL
2/13/2025,526.27,642.85,755.24,CFCL
2/14/2025,523.57,659.34,762.43,CFCL
2/15/2025,519.08,653.34,769.33,CFCL
2/16/2025,514.58,618.88,786.71,CFCL
2/17/2025,520.28,624.87,788.81,CFCL
2/18/2025,519.98,624.87,794.2,CFCL
2/19/2025,515.18,638.36,803.79,CFCL
1/10/2025,786.08,817.54,849.42,GFCL
1/11/2025,760.83,809.26,863.08,GFCL
1/12/2025,768.7,823.75,889.98,GFCL
1/13/2025,756.69,819.61,870.94,GFCL
1/14/2025,776.98,834.1,869.7,GFCL
1/15/2025,770.77,823.75,870.53,GFCL
1/16/2025,741.79,819.61,858.11,GFCL
1/17/2025,741.79,813.4,869.29,GFCL
1/18/2025,721.92,811.33,854.8,GFCL
1/19/2025,740.55,800.98,838.65,GFCL
1/20/2025,727.72,794.77,844.03,GFCL
1/21/2025,720.26,796.84,870.94,GFCL
1/22/2025,718.2,809.26,864.32,GFCL
1/23/2025,713.23,790.64,863.9,GFCL
1/24/2025,714.06,800.98,855.62,GFCL
1/25/2025,709.5,790.64,858.11,GFCL
1/26/2025,735.58,788.57,875.49,GFCL
1/27/2025,724.4,784.43,904.47,GFCL
1/28/2025,720.26,780.29,895.36,GFCL
1/29/2025,726.06,786.5,899.09,GFCL
1/30/2025,718.2,790.64,894.12,GFCL
1/31/2025,716.54,788.57,885.01,GFCL
2/1/2025,704.95,796.84,895.36,GFCL
2/2/2025,683.84,803.05,891.22,GFCL
2/3/2025,681.35,788.57,888.74,GFCL
2/4/2025,682.18,782.36,939.24,GFCL
2/5/2025,678.04,780.29,912.34,GFCL
2/6/2025,680.11,774.08,923.93,GFCL
2/7/2025,680.53,778.22,926.41,GFCL
2/8/2025,673.9,813.4,917.3,GFCL
2/9/2025,668.52,794.77,916.06,GFCL
2/10/2025,667.28,786.5,919.79,GFCL
2/11/2025,655.69,782.36,947.93,GFCL
2/12/2025,663.97,776.15,949.59,GFCL
2/13/2025,664.8,774.08,963.66,GFCL
2/14/2025,656.52,774.08,954.56,GFCL
2/15/2025,629.61,776.15,1005.06,GFCL
2/16/2025,636.23,765.8,998.44,GFCL
2/17/2025,644.51,778.22,988.92,GFCL
2/18/2025,636.23,772.01,1002.58,GFCL
2/19/2025,620.5,767.87,976.5,GFCL
1/10/2025,647.2,675.53,697.6,BFC
1/11/2025,635.27,672.55,722.36,BFC
1/12/2025,635.27,674.04,716.39,BFC
1/13/2025,629.3,682.99,701.18,BFC
1/14/2025,627.51,671.06,713.11,BFC
1/15/2025,618.86,677.02,721.16,BFC
1/16/2025,622.44,688.95,724.15,BFC
1/17/2025,612.6,700.88,725.94,BFC
1/18/2025,617.67,682.99,740.25,BFC
1/19/2025,612.6,672.55,740.25,BFC
1/20/2025,607.23,681.5,744.43,BFC
1/21/2025,601.27,678.51,767.69,BFC
1/22/2025,589.04,690.44,751.58,BFC
1/23/2025,595.9,705.36,738.76,BFC
1/24/2025,594.41,702.37,776.34,BFC
1/25/2025,569.06,694.92,801.09,BFC
1/26/2025,572.64,703.86,792.74,BFC
1/27/2025,579.5,723.25,820.48,BFC
1/28/2025,569.65,729.22,839.27,BFC
1/29/2025,571.74,715.79,847.32,BFC
1/30/2025,570.85,721.76,856.27,BFC
1/31/2025,583.37,744.13,867.01,BFC
2/1/2025,599.18,754.57,869.39,BFC
2/2/2025,616.18,757.55,867.3,BFC
2/3/2025,625.72,763.51,856.27,BFC
2/4/2025,616.48,776.94,860.74,BFC
2/5/2025,589.64,753.08,854.78,BFC
2/6/2025,603.65,744.13,854.18,BFC
2/7/2025,612.9,717.29,850.01,BFC
2/8/2025,588.74,717.29,862.23,BFC
2/9/2025,589.93,705.36,861.34,BFC
2/10/2025,594.11,709.83,842.85,BFC
2/11/2025,600.07,685.97,871.78,BFC
2/12/2025,575.62,672.55,877.74,BFC
2/13/2025,545.5,671.06,872.08,BFC
2/14/2025,566.07,660.62,850.3,BFC
2/15/2025,573.53,665.09,854.48,BFC
2/16/2025,576.21,642.72,858.06,BFC
2/17/2025,568.16,641.23,841.95,BFC
2/18/2025,559.81,672.55,849.11,BFC
2/19/2025,549.67,682.99,836.29,BFC
1/10/2025,675.27,697.16,717.48,MPFL
1/11/2025,667.46,690.9,728.42,MPFL
1/12/2025,660.89,692.47,742.17,MPFL
1/13/2025,636.82,695.59,750.3,MPFL
1/14/2025,631.19,694.03,732.48,MPFL
1/15/2025,646.51,689.34,749.05,MPFL
1/16/2025,646.2,687.78,768.12,MPFL
1/17/2025,659.33,690.9,776.88,MPFL
1/18/2025,658.7,692.47,760.93,MPFL
1/19/2025,659.02,694.03,764.06,MPFL
1/20/2025,651.83,698.72,766.87,MPFL
1/21/2025,636.51,703.41,769.37,MPFL
1/22/2025,639.63,701.85,770,MPFL
1/23/2025,648.07,701.85,773.75,MPFL
1/24/2025,634.63,692.47,791.57,MPFL
1/25/2025,623.69,690.9,799.38,MPFL
1/26/2025,627.44,717.48,797.82,MPFL
1/27/2025,634.01,717.48,811.26,MPFL
1/28/2025,605.87,715.91,812.51,MPFL
1/29/2025,601.49,722.17,817.83,MPFL
1/30/2025,605.87,717.48,792.82,MPFL
1/31/2025,581.48,714.35,800.95,MPFL
2/1/2025,581.48,712.79,788.44,MPFL
2/2/2025,567.1,726.86,792.19,MPFL
2/3/2025,584.3,714.35,803.14,MPFL
2/4/2025,588.05,701.85,800.95,MPFL
2/5/2025,575.23,697.16,800.64,MPFL
2/6/2025,566.17,700.28,798.45,MPFL
2/7/2025,593.05,714.35,800.95,MPFL
2/8/2025,600.55,700.28,787.5,MPFL
2/9/2025,561.48,695.59,781.88,MPFL
2/10/2025,561.48,703.41,780,MPFL
2/11/2025,550.85,697.16,771.25,MPFL
2/12/2025,553.35,679.96,759.68,MPFL
2/13/2025,550.53,679.96,752.49,MPFL
2/14/2025,527.4,679.96,765.93,MPFL
2/15/2025,500.2,675.27,750.93,MPFL
2/16/2025,515.21,686.21,745.3,MPFL
2/17/2025,524.9,694.03,745.3,MPFL
2/18/2025,521.46,686.21,751.55,MPFL
2/19/2025,529.9,684.65,758.43,MPFL
1/10/2025,668.11,682.1,692.21,ICFC
1/11/2025,656.84,680.16,715.53,ICFC
1/12/2025,662.28,685.99,715.14,ICFC
1/13/2025,658.78,689.88,719.8,ICFC
1/14/2025,655.67,684.05,734.96,ICFC
1/15/2025,644.01,680.16,728.35,ICFC
1/16/2025,633.52,693.76,740.01,ICFC
1/17/2025,640.13,689.88,742.34,ICFC
1/18/2025,635.07,693.76,747.4,ICFC
1/19/2025,632.35,693.76,766.05,ICFC
1/20/2025,628.86,697.65,762.17,ICFC
1/21/2025,621.08,701.54,762.94,ICFC
1/22/2025,616.81,711.25,755.56,ICFC
1/23/2025,617.97,713.2,770.33,ICFC
1/24/2025,617.2,715.14,770.33,ICFC
1/25/2025,642.46,709.31,773.83,ICFC
1/26/2025,652.56,697.65,785.49,ICFC
1/27/2025,628.08,699.59,780.05,ICFC
1/28/2025,608.26,701.54,776.16,ICFC
1/29/2025,605.92,711.25,783.15,ICFC
1/30/2025,593.1,717.08,812.3,ICFC
1/31/2025,596.21,720.97,836.79,ICFC
2/1/2025,594.26,709.31,840.68,ICFC
2/2/2025,605.15,691.82,800.26,ICFC
2/3/2025,598.15,685.99,804.53,ICFC
2/4/2025,601.65,689.88,798.7,ICFC
2/5/2025,616.03,687.93,808.81,ICFC
2/6/2025,615.64,674.33,822.02,ICFC
2/7/2025,595.43,668.5,815.8,ICFC
2/8/2025,605.54,672.39,803.36,ICFC
2/9/2025,616.81,676.27,835.62,ICFC
2/10/2025,630.8,682.1,890.43,ICFC
2/11/2025,620.69,680.16,858.94,ICFC
2/12/2025,605.54,676.27,853.5,ICFC
2/13/2025,604.76,674.33,857,ICFC
2/14/2025,612.92,676.27,881.1,ICFC
2/15/2025,623.8,684.05,843.4,ICFC
2/16/2025,617.2,685.99,828.24,ICFC
2/17/2025,602.43,685.99,825.91,ICFC
2/18/2025,601.26,695.71,863.61,ICFC
2/19/2025,605.92,691.82,869.83,ICFC
1/23/2025,560.16,581.59,601.31,SFCL
1/24/2025,550.73,583.02,621.32,SFCL
1/25/2025,541.87,601.6,635.32,SFCL
1/26/2025,534.15,613.03,654.76,SFCL
1/27/2025,535.01,593.03,660.76,SFCL
1/28/2025,545.58,598.74,666.76,SFCL
1/29/2025,523.01,605.89,699.34,SFCL
1/30/2025,526.72,601.6,681.34,SFCL
1/31/2025,516.43,608.75,702.49,SFCL
2/1/2025,515.29,613.03,707.92,SFCL
2/2/2025,521.58,618.75,706.77,SFCL
2/3/2025,516.72,613.03,699.63,SFCL
2/4/2025,497.86,601.6,700.2,SFCL
2/5/2025,489.85,583.02,677.91,SFCL
2/6/2025,497.28,574.45,694.48,SFCL
2/7/2025,496.14,598.74,660.47,SFCL
2/8/2025,493.57,593.03,670.76,SFCL
2/9/2025,490.14,603.03,676.76,SFCL
2/10/2025,486.42,598.74,680.48,SFCL
2/11/2025,487.57,597.31,667.62,SFCL
2/12/2025,481.85,598.74,681.05,SFCL
2/13/2025,471.28,590.17,715.92,SFCL
2/14/2025,461.85,577.31,703.34,SFCL
2/15/2025,458.7,575.88,699.06,SFCL
2/16/2025,462.42,573.02,712.2,SFCL
2/17/2025,460.42,575.88,714.78,SFCL
2/18/2025,458.99,565.88,720.21,SFCL
2/19/2025,460.7,583.02,699.34,SFCL
1/10/2025,519.6,538.39,547.78,PFL
1/11/2025,506.19,531.68,557.84,PFL
1/12/2025,509.54,541.74,563.88,PFL
1/13/2025,505.18,530,550.47,PFL
1/14/2025,502.16,528.33,553.82,PFL
1/15/2025,504.84,528.33,571.6,PFL
1/16/2025,502.5,535.03,596.42,PFL
1/17/2025,502.5,528.33,590.72,PFL
1/18/2025,499.48,536.71,598.1,PFL
1/19/2025,499.48,531.68,615.54,PFL
1/20/2025,502.83,548.45,642.04,PFL
1/21/2025,489.75,566.9,629.63,PFL
1/22/2025,479.35,561.87,631.98,PFL
1/23/2025,476.33,558.52,651.43,PFL
1/24/2025,486.4,545.1,672.9,PFL
1/25/2025,501.49,548.45,671.23,PFL
1/26/2025,487.4,546.78,657.81,PFL
1/27/2025,485.39,558.52,664.18,PFL
1/28/2025,483.04,561.87,642.71,PFL
1/29/2025,479.02,578.64,665.19,PFL
1/30/2025,473.98,573.61,661.5,PFL
1/31/2025,475.33,573.61,659.82,PFL
2/1/2025,492.1,576.97,672.57,PFL
2/2/2025,481.36,602.12,691.02,PFL
2/3/2025,474.32,607.16,674.92,PFL
2/4/2025,481.36,590.38,663.17,PFL
2/5/2025,479.02,592.06,674.24,PFL
2/6/2025,468.95,598.77,672.23,PFL
2/7/2025,486.06,588.71,681.62,PFL
2/8/2025,472.64,588.71,681.62,PFL
2/9/2025,478.34,583.67,679.95,PFL
2/10/2025,476.33,607.16,674.92,PFL
2/11/2025,476,603.8,688,PFL
2/12/2025,467.95,588.71,689,PFL
2/13/2025,471.3,590.38,699.4,PFL
2/14/2025,469.62,600.45,697.73,PFL
2/15/2025,482.37,590.38,699.4,PFL
2/16/2025,490.08,597.09,700.41,PFL
2/17/2025,502.5,597.09,694.71,PFL
2/18/2025,498.47,597.09,715.84,PFL
2/19/2025,498.81,605.48,768.17,PFL
1/10/2025,692.33,731.73,752.49,JFL
1/11/2025,671.58,721.18,773.95,JFL
1/12/2025,672.63,722.94,791.54,JFL
1/13/2025,687.76,726.46,785.21,JFL
1/14/2025,686,724.7,772.89,JFL
1/15/2025,670.52,721.18,809.48,JFL
1/16/2025,660.67,705.35,781.34,JFL
1/17/2025,646.6,707.11,848.18,JFL
1/18/2025,638.86,703.59,828.12,JFL
1/19/2025,642.38,712.38,845.36,JFL
1/20/2025,619.16,722.94,873.51,JFL
1/21/2025,606.85,740.53,899.19,JFL
1/22/2025,602.27,705.35,978.34,JFL
1/23/2025,597,708.87,972.01,JFL
1/24/2025,614.23,712.38,957.23,JFL
1/25/2025,632.53,705.35,931.55,JFL
1/26/2025,648.36,714.14,938.59,JFL
1/27/2025,662.43,714.14,908.69,JFL
1/28/2025,658.21,726.46,916.78,JFL
1/29/2025,648.01,740.53,925.57,JFL
1/30/2025,619.16,731.73,930.14,JFL
1/31/2025,614.58,715.9,944.57,JFL
2/1/2025,613.88,712.38,947.03,JFL
2/2/2025,600.86,701.83,996.28,JFL
2/3/2025,612.83,715.9,1039.55,JFL
2/4/2025,611.77,708.87,1023.37,JFL
2/5/2025,634.64,700.07,1023.02,JFL
2/6/2025,630.06,715.9,1033.22,JFL
2/7/2025,627.6,710.62,1046.59,JFL
2/8/2025,627.95,729.97,1015.28,JFL
2/9/2025,656.8,756.36,1039.2,JFL
2/10/2025,641.32,756.36,1059.25,JFL
2/11/2025,629.71,735.25,1046.24,JFL
2/12/2025,627.25,742.29,1017.39,JFL
2/13/2025,618.1,759.88,1026.54,JFL
2/14/2025,614.58,765.15,1024.43,JFL
2/15/2025,640.27,770.43,999.8,JFL
2/16/2025,636.04,772.19,1036.39,JFL
2/17/2025,652.58,782.74,997.34,JFL
2/18/2025,596.64,793.3,1006.13,JFL
2/19/2025,595.94,802.09,998.74,JFL
1/10/2025,648.99,673.95,690.29,GUFL
1/11/2025,652.62,673.95,699.82,GUFL
1/12/2025,648.54,676.22,719.34,GUFL
1/13/2025,648.54,678.49,722.51,GUFL
1/14/2025,639.46,676.22,726.6,GUFL
1/15/2025,634.92,676.22,724.78,GUFL
1/16/2025,630.84,671.68,742.03,GUFL
1/17/2025,639.01,669.41,742.48,GUFL
1/18/2025,634.92,680.76,744.75,GUFL
1/19/2025,630.84,678.49,730.68,GUFL
1/20/2025,630.38,685.3,742.93,GUFL
1/21/2025,629.93,698.91,752.47,GUFL
1/22/2025,623.12,692.1,776.97,GUFL
1/23/2025,598.61,689.84,767.9,GUFL
1/24/2025,609.96,689.84,758.37,GUFL
1/25/2025,605.88,687.57,758.37,GUFL
1/26/2025,606.33,694.37,743.39,GUFL
1/27/2025,616.31,673.95,761.54,GUFL
1/28/2025,629.02,687.57,777.88,GUFL
1/29/2025,628.11,710.26,758.82,GUFL
1/30/2025,640.82,698.91,767.44,GUFL
1/31/2025,629.48,705.72,758.82,GUFL
2/1/2025,634.47,692.1,762.9,GUFL
2/2/2025,639.91,678.49,758.82,GUFL
2/3/2025,634.92,685.3,778.33,GUFL
2/4/2025,643.54,676.22,772.43,GUFL
2/5/2025,639.01,680.76,771.98,GUFL
2/6/2025,630.38,687.57,763.36,GUFL
2/7/2025,629.93,680.76,762.45,GUFL
2/8/2025,630.84,685.3,766.53,GUFL
2/9/2025,629.93,673.95,764.27,GUFL
2/10/2025,629.48,687.57,785.6,GUFL
2/11/2025,625.84,673.95,782.42,GUFL
2/12/2025,638.1,667.14,771.07,GUFL
2/13/2025,625.84,680.76,770.17,GUFL
2/14/2025,623.58,680.76,771.07,GUFL
2/15/2025,620.85,680.76,778.79,GUFL
2/16/2025,619.94,678.49,766.08,GUFL
2/17/2025,620.4,687.57,762.9,GUFL
2/18/2025,610.87,685.3,750.2,GUFL
2/19/2025,627.66,680.76,777.88,GUFL
1/10/2025,656.11,668.37,676.28,MFIL
1/11/2025,648.2,668.37,684.58,MFIL
1/12/2025,639.89,662.43,697.24,MFIL
1/13/2025,636.73,658.48,702.77,MFIL
1/14/2025,624.86,656.5,704.35,MFIL
1/15/2025,628.82,658.48,700.4,MFIL
1/16/2025,620.91,656.5,696.45,MFIL
1/17/2025,620.51,652.55,697.63,MFIL
1/18/2025,620.91,656.5,684.58,MFIL
1/19/2025,616.56,662.43,693.28,MFIL
1/20/2025,612.6,662.43,696.45,MFIL
1/21/2025,609.04,660.46,711.87,MFIL
1/22/2025,615.77,664.41,700.8,MFIL
1/23/2025,616.16,660.46,711.87,MFIL
1/24/2025,612.21,660.46,705.94,MFIL
1/25/2025,615.37,660.46,708.71,MFIL
1/26/2025,611.02,662.43,712.26,MFIL
1/27/2025,607.07,674.3,708.31,MFIL
1/28/2025,610.63,672.32,724.52,MFIL
1/29/2025,610.23,672.32,736.78,MFIL
1/30/2025,596.78,674.3,718.2,MFIL
1/31/2025,600.34,674.3,724.52,MFIL
2/1/2025,587.69,680.23,728.08,MFIL
2/2/2025,573.45,682.21,749.44,MFIL
2/3/2025,580.96,688.14,756.16,MFIL
2/4/2025,584.92,686.16,737.58,MFIL
2/5/2025,584.52,690.12,739.95,MFIL
2/6/2025,580.57,688.14,747.86,MFIL
2/7/2025,569.5,688.14,738.37,MFIL
2/8/2025,568.7,690.12,748.25,MFIL
2/9/2025,568.7,686.16,759.72,MFIL
2/10/2025,572.66,688.14,755.77,MFIL
2/11/2025,565.14,682.21,759.72,MFIL
2/12/2025,568.7,672.32,759.33,MFIL
2/13/2025,576.61,680.23,752.21,MFIL
2/14/2025,578.59,676.28,763.28,MFIL
2/15/2025,564.35,660.46,767.24,MFIL
2/16/2025,557.24,668.37,767.24,MFIL
2/17/2025,553.28,668.37,760.91,MFIL
2/18/2025,552.49,674.3,770.8,MFIL
2/19/2025,552.49,668.37,787.01,MFIL
1/10/2025,941.33,974.16,998.79,NFS
1/11/2025,940.47,965.52,994.04,NFS
1/12/2025,919.73,965.52,1007,NFS
1/13/2025,911.09,954.72,1023.41,NFS
1/14/2025,898.56,963.36,1032.92,NFS
1/15/2025,876.53,952.56,1056.68,NFS
1/16/2025,865.3,941.76,1088.64,NFS
1/17/2025,866.16,952.56,1086.05,NFS
1/18/2025,867.46,952.56,1098.15,NFS
1/19/2025,882.58,961.2,1125.8,NFS
1/20/2025,862.71,946.08,1122.77,NFS
1/21/2025,867.03,956.88,1061.43,NFS
1/22/2025,854.93,959.04,1051.06,NFS
1/23/2025,876.96,948.24,1081.3,NFS
1/24/2025,859.25,956.88,1089.08,NFS
1/25/2025,832.04,969.84,1085.62,NFS
1/26/2025,834.63,950.4,1089.51,NFS
1/27/2025,841.11,954.72,1108.52,NFS
1/28/2025,852.34,952.56,1135.73,NFS
1/29/2025,870.92,954.72,1222.56,NFS
1/30/2025,863.57,965.52,1237.68,NFS
1/31/2025,861.41,939.6,1203.12,NFS
2/1/2025,802.66,969.84,1187.57,NFS
2/2/2025,806.12,984.96,1187.57,NFS
2/3/2025,786.24,969.84,1185.41,NFS
2/4/2025,806.98,967.68,1235.96,NFS
2/5/2025,794.02,965.52,1203.99,NFS
2/6/2025,798.77,956.88,1245.03,NFS
2/7/2025,745.2,946.08,1195.78,NFS
2/8/2025,780.2,950.4,1202.69,NFS
2/9/2025,757.3,959.04,1237.25,NFS
2/10/2025,775.01,959.04,1215.65,NFS
2/11/2025,756,972,1142.21,NFS
2/12/2025,740.02,984.96,1137.03,NFS
2/13/2025,755.14,989.28,1133.57,NFS
2/14/2025,739.15,969.84,1111.11,NFS
2/15/2025,727.92,969.84,1150.85,NFS
2/16/2025,719.71,976.32,1100.31,NFS
2/17/2025,728.35,978.48,1104.2,NFS
2/18/2025,696.39,993.6,1121.04,NFS
2/19/2025,676.08,989.28,1146.96,NFS
1/10/2025,600.16,620.06,635.05,PROFL
1/11/2025,599.87,633.04,654.67,PROFL
1/12/2025,601.89,625.83,657.55,PROFL
1/13/2025,595.83,631.59,669.09,PROFL
1/14/2025,592.95,631.59,679.18,PROFL
1/15/2025,584.3,631.59,701.39,PROFL
1/16/2025,582.28,631.59,703.41,PROFL
1/17/2025,584.01,622.94,682.35,PROFL
1/18/2025,574.49,633.04,691.29,PROFL
1/19/2025,559.21,634.48,692.73,PROFL
1/20/2025,550.27,637.36,723.3,PROFL
1/21/2025,552.57,640.25,737.72,PROFL
1/22/2025,560.65,640.25,725.61,PROFL
1/23/2025,579.39,647.46,761.08,PROFL
1/24/2025,578.24,646.01,732.82,PROFL
1/25/2025,571.61,643.13,753.87,PROFL
1/26/2025,572.18,644.57,764.55,PROFL
1/27/2025,569.59,644.57,760.22,PROFL
1/28/2025,577.95,660.43,749.84,PROFL
1/29/2025,577.37,656.11,742.63,PROFL
1/30/2025,574.2,654.67,766.85,PROFL
1/31/2025,577.37,657.55,787.62,PROFL
2/1/2025,579.39,658.99,776.66,PROFL
2/2/2025,575.36,648.9,771.47,PROFL
2/3/2025,574.49,646.01,793.39,PROFL
2/4/2025,571.03,640.25,807.23,PROFL
2/5/2025,556.9,648.9,774.06,PROFL
2/6/2025,553.44,635.92,761.95,PROFL
2/7/2025,549.69,637.36,783,PROFL
2/8/2025,553.44,633.04,774.93,PROFL
2/9/2025,562.38,637.36,776.66,PROFL
2/10/2025,579.97,640.25,779.25,PROFL
2/11/2025,565.84,647.46,788.77,PROFL
2/12/2025,568.15,647.46,788.48,PROFL
2/13/2025,556.61,646.01,784.16,PROFL
2/14/2025,582.28,637.36,790.21,PROFL
2/15/2025,574.49,654.67,787.04,PROFL
2/16/2025,540.46,654.67,802.61,PROFL
2/17/2025,538.73,653.22,787.62,PROFL
2/18/2025,544.21,653.22,790.5,PROFL
2/19/2025,540.46,643.13,800.02,PROFL
